{"name":"\u9633\u53f0\u58c1\u6302\u592a\u9633\u80fd\u63a7\u5236\u4eea","entities":[{"id":0,"display_name":"\u673a\u667a\u4e91\u5f00\u53d1\u5957\u4ef6","attrs":[{"display_name":"\u7cfb\u7edf\u5f00\u5173","name":"Switch","data_type":"bool","position":{"bit_offset":0,"len":1,"unit":"bit","byte_offset":0},"type":"status_writable","id":0,"desc":"....."},{"display_name":"\u624b\u52a8\u52a0\u70ed","name":"Heat","data_type":"bool","position":{"bit_offset":1,"len":1,"unit":"bit","byte_offset":0},"type":"status_writable","id":1,"desc":"....."},{"display_name":"\u7b2c1\u6b21\u5b9a\u65f6\u52a0\u70ed\u5f00\u5173","name":"Heat_TimeSwitch1","data_type":"bool","position":{"bit_offset":2,"len":1,"unit":"bit","byte_offset":0},"type":"status_writable","id":2,"desc":"....."},{"display_name":"\u7b2c2\u6b21\u5b9a\u65f6\u52a0\u70ed\u5f00\u5173","name":"Heat_TimeSwitch2","data_type":"bool","position":{"bit_offset":3,"len":1,"unit":"bit","byte_offset":0},"type":"status_writable","id":3,"desc":"....."},{"display_name":"\u6a21\u5f0f","name":"mode","data_type":"enum","enum":["\u5b9a\u65f6","\u8282\u80fd","\u6052\u6e29"],"position":{"bit_offset":4,"len":2,"unit":"bit","byte_offset":0},"type":"status_writable","id":4,"desc":"....."},{"display_name":"\u7b2c1\u6b21\u7ea2\u5916\u62a5\u8b66\u8bbe\u7f6e","name":"IR_AlarmSet1","data_type":"enum","enum":["\u6253\u5f00","\u5173\u95ed","\u4e0d\u663e\u793a"],"position":{"bit_offset":6,"len":2,"unit":"bit","byte_offset":0},"type":"status_writable","id":5,"desc":"....."},{"display_name":"\u7b2c2\u6b21\u7ea2\u5916\u62a5\u8b66\u8bbe\u7f6e","name":"IR_AlarmSet2","data_type":"enum","enum":["\u6253\u5f00","\u5173\u95ed","\u4e0d\u663e\u793a"],"position":{"bit_offset":8,"len":2,"unit":"bit","byte_offset":0},"type":"status_writable","id":6,"desc":"....."},{"display_name":"\u7b2c3\u6b21\u7ea2\u5916\u62a5\u8b66\u8bbe\u7f6e","name":"IR_AlarmSet3","data_type":"enum","enum":["\u6253\u5f00","\u5173\u95ed","\u4e0d\u663e\u793a"],"position":{"bit_offset":10,"len":2,"unit":"bit","byte_offset":0},"type":"status_writable","id":7,"desc":"....."},{"display_name":"\u7b2c4\u6b21\u7ea2\u5916\u62a5\u8b66\u8bbe\u7f6e","name":"IR_AlarmSet4","data_type":"enum","enum":["\u6253\u5f00","\u5173\u95ed","\u4e0d\u663e\u793a"],"position":{"bit_offset":12,"len":2,"unit":"bit","byte_offset":0},"type":"status_writable","id":8,"desc":"....."},{"display_name":"\u7b2c5\u6b21\u7ea2\u5916\u62a5\u8b66\u8bbe\u7f6e","name":"IR_AlarmSet5","data_type":"enum","enum":["\u6253\u5f00","\u5173\u95ed","\u4e0d\u663e\u793a"],"position":{"bit_offset":14,"len":2,"unit":"bit","byte_offset":0},"type":"status_writable","id":9,"desc":"....."},{"display_name":"\u7b2c6\u6b21\u7ea2\u5916\u62a5\u8b66\u8bbe\u7f6e","name":"IR_AlarmSet6","data_type":"enum","enum":["\u6253\u5f00","\u5173\u95ed","\u4e0d\u663e\u793a"],"position":{"bit_offset":16,"len":2,"unit":"bit","byte_offset":0},"type":"status_writable","id":10,"desc":"....."},{"display_name":"\u7b2c7\u6b21\u7ea2\u5916\u62a5\u8b66\u8bbe\u7f6e","name":"IR_AlarmSet7","data_type":"enum","enum":["\u6253\u5f00","\u5173\u95ed","\u4e0d\u663e\u793a"],"position":{"bit_offset":18,"len":2,"unit":"bit","byte_offset":0},"type":"status_writable","id":11,"desc":"....."},{"display_name":"\u52a0\u70ed\u9884\u7f6e\u6c34\u6e29","name":"Pre_Temp","data_type":"uint8","position":{"bit_offset":0,"len":1,"unit":"byte","byte_offset":3},"uint_spec":{"addition":30,"max":45,"ratio":1,"min":0},"type":"status_writable","id":12,"desc":"....."},{"display_name":"\u7b2c1\u6b21\u5b9a\u65f6\u52a0\u70ed\u6e29\u5ea6","name":"Heat_Temp_1","data_type":"uint8","position":{"bit_offset":0,"len":1,"unit":"byte","byte_offset":4},"uint_spec":{"addition":30,"max":45,"ratio":1,"min":0},"type":"status_writable","id":13,"desc":"....."},{"display_name":"\u7b2c2\u6b21\u5b9a\u65f6\u52a0\u70ed\u6e29\u5ea6","name":"Heat_Temp2","data_type":"uint8","position":{"bit_offset":0,"len":1,"unit":"byte","byte_offset":5},"uint_spec":{"addition":30,"max":45,"ratio":1,"min":0},"type":"status_writable","id":14,"desc":"....."},{"display_name":"\u7b2c1\u6b21\u5b9a\u65f6\u52a0\u70ed\u65f6\u95f4","name":"Heat_Time_1","data_type":"uint16","position":{"bit_offset":0,"len":2,"unit":"byte","byte_offset":6},"uint_spec":{"addition":0,"max":1440,"ratio":1,"min":0},"type":"status_writable","id":15,"desc":"....."},{"display_name":"\u7b2c2\u6b21\u5b9a\u65f6\u52a0\u70ed\u65f6\u95f4","name":"Heat_Time2","data_type":"uint16","position":{"bit_offset":0,"len":2,"unit":"byte","byte_offset":8},"uint_spec":{"addition":0,"max":1440,"ratio":1,"min":0},"type":"status_writable","id":16,"desc":"....."},{"display_name":"\u7b2c1\u6b21\u7ea2\u5916\u62a5\u8b66\u542f\u52a8\u65f6\u95f4","name":"IR_Alarm_Run_Time_1","data_type":"uint16","position":{"bit_offset":0,"len":2,"unit":"byte","byte_offset":10},"uint_spec":{"addition":0,"max":1440,"ratio":1,"min":0},"type":"status_writable","id":17,"desc":"....."},{"display_name":"\u7b2c2\u6b21\u7ea2\u5916\u62a5\u8b66\u542f\u52a8\u65f6\u95f4","name":"IR_Alarm_Run_Time_2","data_type":"uint16","position":{"bit_offset":0,"len":2,"unit":"byte","byte_offset":12},"uint_spec":{"addition":0,"max":1440,"ratio":1,"min":0},"type":"status_writable","id":18,"desc":"....."},{"display_name":"\u7b2c3\u6b21\u7ea2\u5916\u62a5\u8b66\u542f\u52a8\u65f6\u95f4","name":"IR_Alarm_Run_Time_3","data_type":"uint16","position":{"bit_offset":0,"len":2,"unit":"byte","byte_offset":14},"uint_spec":{"addition":0,"max":1440,"ratio":1,"min":0},"type":"status_writable","id":19,"desc":"....."},{"display_name":"\u7b2c4\u6b21\u7ea2\u5916\u62a5\u8b66\u542f\u52a8\u65f6\u95f4","name":"IR_Alarm_Run_Time_4","data_type":"uint16","position":{"bit_offset":0,"len":2,"unit":"byte","byte_offset":16},"uint_spec":{"addition":0,"max":1440,"ratio":1,"min":0},"type":"status_writable","id":20,"desc":"....."},{"display_name":"\u7b2c5\u6b21\u7ea2\u5916\u62a5\u8b66\u542f\u52a8\u65f6\u95f4","name":"IR_Alarm_Run_Time_5","data_type":"uint16","position":{"bit_offset":0,"len":2,"unit":"byte","byte_offset":18},"uint_spec":{"addition":0,"max":1440,"ratio":1,"min":0},"type":"status_writable","id":21,"desc":"....."},{"display_name":"\u7b2c6\u6b21\u7ea2\u5916\u62a5\u8b66\u542f\u52a8\u65f6\u95f4","name":"IR_Alarm_Run_Time_6","data_type":"uint16","position":{"bit_offset":0,"len":2,"unit":"byte","byte_offset":20},"uint_spec":{"addition":0,"max":1440,"ratio":1,"min":0},"type":"status_writable","id":22,"desc":"....."},{"display_name":"\u7b2c7\u6b21\u7ea2\u5916\u62a5\u8b66\u542f\u52a8\u65f6\u95f4","name":"IR_Alarm_Run_Time_7","data_type":"uint16","position":{"bit_offset":0,"len":2,"unit":"byte","byte_offset":22},"uint_spec":{"addition":0,"max":1440,"ratio":1,"min":0},"type":"status_writable","id":23,"desc":"....."},{"display_name":"\u7b2c1\u6b21\u7ea2\u5916\u62a5\u8b66\u5173\u95ed\u65f6\u95f4","name":"IR_Alarm_Stop_Time_1","data_type":"uint16","position":{"bit_offset":0,"len":2,"unit":"byte","byte_offset":24},"uint_spec":{"addition":0,"max":1440,"ratio":1,"min":0},"type":"status_writable","id":24,"desc":"....."},{"display_name":"\u7b2c2\u6b21\u7ea2\u5916\u62a5\u8b66\u5173\u95ed\u65f6\u95f4","name":"IR_Alarm_Stop_Time_2","data_type":"uint16","position":{"bit_offset":0,"len":2,"unit":"byte","byte_offset":26},"uint_spec":{"addition":0,"max":1440,"ratio":1,"min":0},"type":"status_writable","id":25,"desc":"....."},{"display_name":"\u7b2c3\u6b21\u7ea2\u5916\u62a5\u8b66\u5173\u95ed\u65f6\u95f4","name":"IR_Alarm_Stop_Time_3","data_type":"uint16","position":{"bit_offset":0,"len":2,"unit":"byte","byte_offset":28},"uint_spec":{"addition":0,"max":1440,"ratio":1,"min":0},"type":"status_writable","id":26,"desc":"....."},{"display_name":"\u7b2c4\u6b21\u7ea2\u5916\u62a5\u8b66\u5173\u95ed\u65f6\u95f4","name":"IR_Alarm_Stop_Time_4","data_type":"uint16","position":{"bit_offset":0,"len":2,"unit":"byte","byte_offset":30},"uint_spec":{"addition":0,"max":1440,"ratio":1,"min":0},"type":"status_writable","id":27,"desc":"....."},{"display_name":"\u7b2c5\u6b21\u7ea2\u5916\u62a5\u8b66\u5173\u95ed\u65f6\u95f4","name":"IR_Alarm_Stop_Time_5","data_type":"uint16","position":{"bit_offset":0,"len":2,"unit":"byte","byte_offset":32},"uint_spec":{"addition":0,"max":1440,"ratio":1,"min":0},"type":"status_writable","id":28,"desc":"....."},{"display_name":"\u7b2c6\u6b21\u7ea2\u5916\u62a5\u8b66\u5173\u95ed\u65f6\u95f4","name":"IR_Alarm_Stop_Time_6","data_type":"uint16","position":{"bit_offset":0,"len":2,"unit":"byte","byte_offset":34},"uint_spec":{"addition":0,"max":1440,"ratio":1,"min":0},"type":"status_writable","id":29,"desc":"....."},{"display_name":"\u7b2c7\u6b21\u7ea2\u5916\u62a5\u8b66\u5173\u95ed\u65f6\u95f4","name":"IR_Alarm_Stop_Time_7","data_type":"uint16","position":{"bit_offset":0,"len":2,"unit":"byte","byte_offset":36},"uint_spec":{"addition":0,"max":1440,"ratio":1,"min":0},"type":"status_writable","id":30,"desc":"....."},{"display_name":"\u5f53\u524d\u6e29\u5ea6","name":"Temp","data_type":"uint8","position":{"bit_offset":0,"len":1,"unit":"byte","byte_offset":38},"uint_spec":{"addition":0,"max":99,"ratio":1,"min":0},"type":"status_readonly","id":31,"desc":"....."},{"display_name":"\u53ef\u6d17\u6d74\u4eba\u6570","name":"Bath_Num","data_type":"uint8","position":{"bit_offset":0,"len":1,"unit":"byte","byte_offset":39},"uint_spec":{"addition":0,"max":3,"ratio":1,"min":0},"type":"status_readonly","id":32,"desc":"....."},{"display_name":"\u7ea2\u5916\u5165\u4fb5","name":"IR","data_type":"bool","position":{"bit_offset":0,"len":1,"unit":"bit","byte_offset":40},"type":"alert","id":33,"desc":"....."},{"display_name":"\u6f0f\u7535","name":"Leakage","data_type":"bool","position":{"bit_offset":0,"len":1,"unit":"bit","byte_offset":41},"type":"fault","id":34,"desc":"....."},{"display_name":"\u8d85\u9ad8\u6e29","name":"High_Temp","data_type":"bool","position":{"bit_offset":1,"len":1,"unit":"bit","byte_offset":41},"type":"fault","id":35,"desc":"....."},{"display_name":"\u4f20\u611f\u5668\u6545\u969c","name":"Sensor_Falut","data_type":"bool","position":{"bit_offset":2,"len":1,"unit":"bit","byte_offset":41},"type":"fault","id":36,"desc":"....."}],"name":"entity0"}],"protocolType":"standard","product_key":"03b33a5dabd746249df1abc9ababeba1","packetVersion":"0x00000004","ui":{"object":{"version":4,"showEditButton":false},"sections":[{"elements":[{"boolValue":false,"object":{"action":"entity0","bind":["entity0.Switch"],"perm":"W"},"type":"QBooleanElement","key":"entity0.Switch","title":"\u7cfb\u7edf\u5f00\u5173"},{"boolValue":false,"object":{"action":"entity0","bind":["entity0.Heat"],"perm":"W"},"type":"QBooleanElement","key":"entity0.Heat","title":"\u624b\u52a8\u52a0\u70ed"},{"boolValue":false,"object":{"action":"entity0","bind":["entity0.Heat_TimeSwitch1"],"perm":"W"},"type":"QBooleanElement","key":"entity0.Heat_TimeSwitch1","title":"\u7b2c1\u6b21\u5b9a\u65f6\u52a0\u70ed\u5f00\u5173"},{"boolValue":false,"object":{"action":"entity0","bind":["entity0.Heat_TimeSwitch2"],"perm":"W"},"type":"QBooleanElement","key":"entity0.Heat_TimeSwitch2","title":"\u7b2c2\u6b21\u5b9a\u65f6\u52a0\u70ed\u5f00\u5173"},{"items":["\u5b9a\u65f6","\u8282\u80fd","\u6052\u6e29"],"object":{"action":"entity0","bind":["entity0.mode"],"perm":"W"},"type":"QRadioElement","key":"entity0.mode","title":"\u6a21\u5f0f"},{"items":["\u6253\u5f00","\u5173\u95ed","\u4e0d\u663e\u793a"],"object":{"action":"entity0","bind":["entity0.IR_AlarmSet1"],"perm":"W"},"type":"QRadioElement","key":"entity0.IR_AlarmSet1","title":"\u7b2c1\u6b21\u7ea2\u5916\u62a5\u8b66\u8bbe\u7f6e"},{"items":["\u6253\u5f00","\u5173\u95ed","\u4e0d\u663e\u793a"],"object":{"action":"entity0","bind":["entity0.IR_AlarmSet2"],"perm":"W"},"type":"QRadioElement","key":"entity0.IR_AlarmSet2","title":"\u7b2c2\u6b21\u7ea2\u5916\u62a5\u8b66\u8bbe\u7f6e"},{"items":["\u6253\u5f00","\u5173\u95ed","\u4e0d\u663e\u793a"],"object":{"action":"entity0","bind":["entity0.IR_AlarmSet3"],"perm":"W"},"type":"QRadioElement","key":"entity0.IR_AlarmSet3","title":"\u7b2c3\u6b21\u7ea2\u5916\u62a5\u8b66\u8bbe\u7f6e"},{"items":["\u6253\u5f00","\u5173\u95ed","\u4e0d\u663e\u793a"],"object":{"action":"entity0","bind":["entity0.IR_AlarmSet4"],"perm":"W"},"type":"QRadioElement","key":"entity0.IR_AlarmSet4","title":"\u7b2c4\u6b21\u7ea2\u5916\u62a5\u8b66\u8bbe\u7f6e"},{"items":["\u6253\u5f00","\u5173\u95ed","\u4e0d\u663e\u793a"],"object":{"action":"entity0","bind":["entity0.IR_AlarmSet5"],"perm":"W"},"type":"QRadioElement","key":"entity0.IR_AlarmSet5","title":"\u7b2c5\u6b21\u7ea2\u5916\u62a5\u8b66\u8bbe\u7f6e"},{"items":["\u6253\u5f00","\u5173\u95ed","\u4e0d\u663e\u793a"],"object":{"action":"entity0","bind":["entity0.IR_AlarmSet6"],"perm":"W"},"type":"QRadioElement","key":"entity0.IR_AlarmSet6","title":"\u7b2c6\u6b21\u7ea2\u5916\u62a5\u8b66\u8bbe\u7f6e"},{"items":["\u6253\u5f00","\u5173\u95ed","\u4e0d\u663e\u793a"],"object":{"action":"entity0","bind":["entity0.IR_AlarmSet7"],"perm":"W"},"type":"QRadioElement","key":"entity0.IR_AlarmSet7","title":"\u7b2c7\u6b21\u7ea2\u5916\u62a5\u8b66\u8bbe\u7f6e"},{"title":"\u52a0\u70ed\u9884\u7f6e\u6c34\u6e29","bind":"floatValue:float","object":{"action":"entity0","bind":["entity0.Pre_Temp"],"uint_spec":{"max":75.0,"step":1,"min":30.0},"perm":"W"},"value":0,"key":"entity0.Pre_Temp","maximumValue":75.0,"minimumValue":30.0,"type":"QFloatElement"},{"title":"\u7b2c1\u6b21\u5b9a\u65f6\u52a0\u70ed\u6e29\u5ea6","bind":"floatValue:float","object":{"action":"entity0","bind":["entity0.Heat_Temp_1"],"uint_spec":{"max":75.0,"step":1,"min":30.0},"perm":"W"},"value":0,"key":"entity0.Heat_Temp_1","maximumValue":75.0,"minimumValue":30.0,"type":"QFloatElement"},{"title":"\u7b2c2\u6b21\u5b9a\u65f6\u52a0\u70ed\u6e29\u5ea6","bind":"floatValue:float","object":{"action":"entity0","bind":["entity0.Heat_Temp2"],"uint_spec":{"max":75.0,"step":1,"min":30.0},"perm":"W"},"value":0,"key":"entity0.Heat_Temp2","maximumValue":75.0,"minimumValue":30.0,"type":"QFloatElement"},{"title":"\u7b2c1\u6b21\u5b9a\u65f6\u52a0\u70ed\u65f6\u95f4","bind":"floatValue:float","object":{"action":"entity0","bind":["entity0.Heat_Time_1"],"uint_spec":{"max":1440.0,"step":1,"min":0.0},"perm":"W"},"value":0,"key":"entity0.Heat_Time_1","maximumValue":1440.0,"minimumValue":0.0,"type":"QFloatElement"},{"title":"\u7b2c2\u6b21\u5b9a\u65f6\u52a0\u70ed\u65f6\u95f4","bind":"floatValue:float","object":{"action":"entity0","bind":["entity0.Heat_Time2"],"uint_spec":{"max":1440.0,"step":1,"min":0.0},"perm":"W"},"value":0,"key":"entity0.Heat_Time2","maximumValue":1440.0,"minimumValue":0.0,"type":"QFloatElement"},{"title":"\u7b2c1\u6b21\u7ea2\u5916\u62a5\u8b66\u542f\u52a8\u65f6\u95f4","bind":"floatValue:float","object":{"action":"entity0","bind":["entity0.IR_Alarm_Run_Time_1"],"uint_spec":{"max":1440.0,"step":1,"min":0.0},"perm":"W"},"value":0,"key":"entity0.IR_Alarm_Run_Time_1","maximumValue":1440.0,"minimumValue":0.0,"type":"QFloatElement"},{"title":"\u7b2c2\u6b21\u7ea2\u5916\u62a5\u8b66\u542f\u52a8\u65f6\u95f4","bind":"floatValue:float","object":{"action":"entity0","bind":["entity0.IR_Alarm_Run_Time_2"],"uint_spec":{"max":1440.0,"step":1,"min":0.0},"perm":"W"},"value":0,"key":"entity0.IR_Alarm_Run_Time_2","maximumValue":1440.0,"minimumValue":0.0,"type":"QFloatElement"},{"title":"\u7b2c3\u6b21\u7ea2\u5916\u62a5\u8b66\u542f\u52a8\u65f6\u95f4","bind":"floatValue:float","object":{"action":"entity0","bind":["entity0.IR_Alarm_Run_Time_3"],"uint_spec":{"max":1440.0,"step":1,"min":0.0},"perm":"W"},"value":0,"key":"entity0.IR_Alarm_Run_Time_3","maximumValue":1440.0,"minimumValue":0.0,"type":"QFloatElement"},{"title":"\u7b2c4\u6b21\u7ea2\u5916\u62a5\u8b66\u542f\u52a8\u65f6\u95f4","bind":"floatValue:float","object":{"action":"entity0","bind":["entity0.IR_Alarm_Run_Time_4"],"uint_spec":{"max":1440.0,"step":1,"min":0.0},"perm":"W"},"value":0,"key":"entity0.IR_Alarm_Run_Time_4","maximumValue":1440.0,"minimumValue":0.0,"type":"QFloatElement"},{"title":"\u7b2c5\u6b21\u7ea2\u5916\u62a5\u8b66\u542f\u52a8\u65f6\u95f4","bind":"floatValue:float","object":{"action":"entity0","bind":["entity0.IR_Alarm_Run_Time_5"],"uint_spec":{"max":1440.0,"step":1,"min":0.0},"perm":"W"},"value":0,"key":"entity0.IR_Alarm_Run_Time_5","maximumValue":1440.0,"minimumValue":0.0,"type":"QFloatElement"},{"title":"\u7b2c6\u6b21\u7ea2\u5916\u62a5\u8b66\u542f\u52a8\u65f6\u95f4","bind":"floatValue:float","object":{"action":"entity0","bind":["entity0.IR_Alarm_Run_Time_6"],"uint_spec":{"max":1440.0,"step":1,"min":0.0},"perm":"W"},"value":0,"key":"entity0.IR_Alarm_Run_Time_6","maximumValue":1440.0,"minimumValue":0.0,"type":"QFloatElement"},{"title":"\u7b2c7\u6b21\u7ea2\u5916\u62a5\u8b66\u542f\u52a8\u65f6\u95f4","bind":"floatValue:float","object":{"action":"entity0","bind":["entity0.IR_Alarm_Run_Time_7"],"uint_spec":{"max":1440.0,"step":1,"min":0.0},"perm":"W"},"value":0,"key":"entity0.IR_Alarm_Run_Time_7","maximumValue":1440.0,"minimumValue":0.0,"type":"QFloatElement"},{"title":"\u7b2c1\u6b21\u7ea2\u5916\u62a5\u8b66\u5173\u95ed\u65f6\u95f4","bind":"floatValue:float","object":{"action":"entity0","bind":["entity0.IR_Alarm_Stop_Time_1"],"uint_spec":{"max":1440.0,"step":1,"min":0.0},"perm":"W"},"value":0,"key":"entity0.IR_Alarm_Stop_Time_1","maximumValue":1440.0,"minimumValue":0.0,"type":"QFloatElement"},{"title":"\u7b2c2\u6b21\u7ea2\u5916\u62a5\u8b66\u5173\u95ed\u65f6\u95f4","bind":"floatValue:float","object":{"action":"entity0","bind":["entity0.IR_Alarm_Stop_Time_2"],"uint_spec":{"max":1440.0,"step":1,"min":0.0},"perm":"W"},"value":0,"key":"entity0.IR_Alarm_Stop_Time_2","maximumValue":1440.0,"minimumValue":0.0,"type":"QFloatElement"},{"title":"\u7b2c3\u6b21\u7ea2\u5916\u62a5\u8b66\u5173\u95ed\u65f6\u95f4","bind":"floatValue:float","object":{"action":"entity0","bind":["entity0.IR_Alarm_Stop_Time_3"],"uint_spec":{"max":1440.0,"step":1,"min":0.0},"perm":"W"},"value":0,"key":"entity0.IR_Alarm_Stop_Time_3","maximumValue":1440.0,"minimumValue":0.0,"type":"QFloatElement"},{"title":"\u7b2c4\u6b21\u7ea2\u5916\u62a5\u8b66\u5173\u95ed\u65f6\u95f4","bind":"floatValue:float","object":{"action":"entity0","bind":["entity0.IR_Alarm_Stop_Time_4"],"uint_spec":{"max":1440.0,"step":1,"min":0.0},"perm":"W"},"value":0,"key":"entity0.IR_Alarm_Stop_Time_4","maximumValue":1440.0,"minimumValue":0.0,"type":"QFloatElement"},{"title":"\u7b2c5\u6b21\u7ea2\u5916\u62a5\u8b66\u5173\u95ed\u65f6\u95f4","bind":"floatValue:float","object":{"action":"entity0","bind":["entity0.IR_Alarm_Stop_Time_5"],"uint_spec":{"max":1440.0,"step":1,"min":0.0},"perm":"W"},"value":0,"key":"entity0.IR_Alarm_Stop_Time_5","maximumValue":1440.0,"minimumValue":0.0,"type":"QFloatElement"},{"title":"\u7b2c6\u6b21\u7ea2\u5916\u62a5\u8b66\u5173\u95ed\u65f6\u95f4","bind":"floatValue:float","object":{"action":"entity0","bind":["entity0.IR_Alarm_Stop_Time_6"],"uint_spec":{"max":1440.0,"step":1,"min":0.0},"perm":"W"},"value":0,"key":"entity0.IR_Alarm_Stop_Time_6","maximumValue":1440.0,"minimumValue":0.0,"type":"QFloatElement"},{"title":"\u7b2c7\u6b21\u7ea2\u5916\u62a5\u8b66\u5173\u95ed\u65f6\u95f4","bind":"floatValue:float","object":{"action":"entity0","bind":["entity0.IR_Alarm_Stop_Time_7"],"uint_spec":{"max":1440.0,"step":1,"min":0.0},"perm":"W"},"value":0,"key":"entity0.IR_Alarm_Stop_Time_7","maximumValue":1440.0,"minimumValue":0.0,"type":"QFloatElement"},{"object":{"action":"entity0","bind":["entity0.Temp"],"uint_spec":{"max":99.0,"step":1,"min":0.0},"perm":"N"},"type":"QLabelElement","key":"entity0.Temp","title":"\u5f53\u524d\u6e29\u5ea6"},{"object":{"action":"entity0","bind":["entity0.Bath_Num"],"uint_spec":{"max":3.0,"step":1,"min":0.0},"perm":"N"},"type":"QLabelElement","key":"entity0.Bath_Num","title":"\u53ef\u6d17\u6d74\u4eba\u6570"}]}]}}