{"name":"GokitTest","packetVersion":"0x00000004","protocolType":"standard","product_key":"04ce05142f4d4fd284e1a58c89460343","entities":[{"display_name":"\u673a\u667a\u4e91\u5f00\u53d1\u5957\u4ef6","attrs":[{"display_name":"LED_OnOff","name":"LED_OnOff","data_type":"bool","position":{"byte_offset":0,"unit":"bit","len":1,"bit_offset":0},"type":"status_writable","id":0,"desc":"....."},{"display_name":"LED_Color","name":"LED_Color","data_type":"enum","enum":["\u81ea\u5b9a\u4e49","\u9ec4\u8272","\u7d2b\u8272","\u7c89\u8272"],"position":{"byte_offset":0,"unit":"bit","len":2,"bit_offset":1},"type":"status_writable","id":1,"desc":"....."},{"display_name":"LED_R","name":"LED_R","data_type":"uint8","position":{"byte_offset":1,"unit":"byte","len":1,"bit_offset":0},"uint_spec":{"addition":0,"max":254,"ratio":1,"min":0},"type":"status_writable","id":2,"desc":"....."},{"display_name":"LED_G","name":"LED_G","data_type":"uint8","position":{"byte_offset":2,"unit":"byte","len":1,"bit_offset":0},"uint_spec":{"addition":0,"max":254,"ratio":1,"min":0},"type":"status_writable","id":3,"desc":"....."},{"display_name":"LED_B","name":"LED_B","data_type":"uint8","position":{"byte_offset":3,"unit":"byte","len":1,"bit_offset":0},"uint_spec":{"addition":0,"max":254,"ratio":1,"min":0},"type":"status_writable","id":4,"desc":"....."},{"display_name":"Motor_Speed","name":"Motor_Speed","data_type":"uint8","position":{"byte_offset":4,"unit":"byte","len":1,"bit_offset":0},"uint_spec":{"addition":-5,"max":10,"ratio":1,"min":0},"type":"status_writable","id":5,"desc":"....."},{"display_name":"Infrared","name":"Infrared","data_type":"bool","position":{"byte_offset":5,"unit":"bit","len":1,"bit_offset":0},"type":"status_readonly","id":6,"desc":"....."},{"display_name":"Temperature","name":"Temperature","data_type":"uint8","position":{"byte_offset":6,"unit":"byte","len":1,"bit_offset":0},"uint_spec":{"addition":-13,"max":200,"ratio":1,"min":0},"type":"status_readonly","id":7,"desc":"....."},{"display_name":"Humidity","name":"Humidity","data_type":"uint8","position":{"byte_offset":7,"unit":"byte","len":1,"bit_offset":0},"uint_spec":{"addition":0,"max":100,"ratio":1,"min":0},"type":"status_readonly","id":8,"desc":"....."},{"display_name":"Alert_1","name":"Alert_1","data_type":"bool","position":{"byte_offset":8,"unit":"bit","len":1,"bit_offset":0},"type":"alert","id":9,"desc":"....."},{"display_name":"Alert_2","name":"Alert_2","data_type":"bool","position":{"byte_offset":8,"unit":"bit","len":1,"bit_offset":1},"type":"alert","id":10,"desc":"....."},{"display_name":"Fault_LED","name":"Fault_LED","data_type":"bool","position":{"byte_offset":9,"unit":"bit","len":1,"bit_offset":0},"type":"fault","id":11,"desc":"....."},{"display_name":"Fault_Motor","name":"Fault_Motor","data_type":"bool","position":{"byte_offset":9,"unit":"bit","len":1,"bit_offset":1},"type":"fault","id":12,"desc":"....."},{"display_name":"Fault_TemHum","name":"Fault_TemHum","data_type":"bool","position":{"byte_offset":9,"unit":"bit","len":1,"bit_offset":2},"type":"fault","id":13,"desc":"....."},{"display_name":"Fault_IR","name":"Fault_IR","data_type":"bool","position":{"byte_offset":9,"unit":"bit","len":1,"bit_offset":3},"type":"fault","id":14,"desc":"....."}],"name":"entity0","id":0}],"ui":{"object":{"version":4,"showEditButton":false},"sections":[{"elements":[{"boolValue":false,"object":{"action":"entity0","bind":["entity0.LED_OnOff"],"perm":"W"},"type":"QBooleanElement","key":"entity0.LED_OnOff","title":"LED_OnOff"},{"items":["\u81ea\u5b9a\u4e49","\u9ec4\u8272","\u7d2b\u8272","\u7c89\u8272"],"object":{"action":"entity0","bind":["entity0.LED_Color"],"perm":"W"},"type":"QRadioElement","key":"entity0.LED_Color","title":"LED_Color"},{"title":"LED_R","bind":"floatValue:float","object":{"action":"entity0","bind":["entity0.LED_R"],"uint_spec":{"max":254.0,"step":1,"min":0.0},"perm":"W"},"value":0,"key":"entity0.LED_R","maximumValue":254.0,"minimumValue":0.0,"type":"QFloatElement"},{"title":"LED_G","bind":"floatValue:float","object":{"action":"entity0","bind":["entity0.LED_G"],"uint_spec":{"max":254.0,"step":1,"min":0.0},"perm":"W"},"value":0,"key":"entity0.LED_G","maximumValue":254.0,"minimumValue":0.0,"type":"QFloatElement"},{"title":"LED_B","bind":"floatValue:float","object":{"action":"entity0","bind":["entity0.LED_B"],"uint_spec":{"max":254.0,"step":1,"min":0.0},"perm":"W"},"value":0,"key":"entity0.LED_B","maximumValue":254.0,"minimumValue":0.0,"type":"QFloatElement"},{"title":"Motor_Speed","bind":"floatValue:float","object":{"action":"entity0","bind":["entity0.Motor_Speed"],"uint_spec":{"max":5.0,"step":1,"min":-5.0},"perm":"W"},"value":0,"key":"entity0.Motor_Speed","maximumValue":5.0,"minimumValue":-5.0,"type":"QFloatElement"},{"boolValue":false,"object":{"action":"entity0","bind":["entity0.Infrared"],"perm":"N"},"type":"QBooleanElement","key":"entity0.Infrared","title":"Infrared"},{"object":{"action":"entity0","bind":["entity0.Temperature"],"uint_spec":{"max":187.0,"step":1,"min":-13.0},"perm":"N"},"type":"QLabelElement","key":"entity0.Temperature","title":"Temperature"},{"object":{"action":"entity0","bind":["entity0.Humidity"],"uint_spec":{"max":100.0,"step":1,"min":0.0},"perm":"N"},"type":"QLabelElement","key":"entity0.Humidity","title":"Humidity"}]}]}}