{"name":"\u82ac\u5c3c\u65b0\u98ce\u51c0\u5316\u5668","packetVersion":"0x00000004","protocolType":"standard","product_key":"06c1d3b909de48fc966f6c5724d1a9fc","entities":[{"display_name":"\u673a\u667a\u4e91\u5f00\u53d1\u5957\u4ef6","attrs":[{"display_name":"\u5b9a\u65f6\u5f00\u673a","name":"Timing_On","data_type":"bool","position":{"byte_offset":0,"unit":"bit","len":1,"bit_offset":0},"type":"status_writable","id":0,"desc":"....."},{"display_name":"\u5b9a\u65f6\u5173\u673a","name":"Timing_Off","data_type":"bool","position":{"byte_offset":0,"unit":"bit","len":1,"bit_offset":1},"type":"status_writable","id":1,"desc":"....."},{"display_name":"\u5f00\u5173\u673a","name":"Power_OnOff","data_type":"uint8","position":{"byte_offset":1,"unit":"byte","len":1,"bit_offset":0},"uint_spec":{"addition":0,"max":1,"ratio":1,"min":0},"type":"status_writable","id":2,"desc":"....."},{"display_name":"\u8fd0\u884c\u6a21\u5f0f","name":"Mode","data_type":"uint8","position":{"byte_offset":2,"unit":"byte","len":1,"bit_offset":0},"uint_spec":{"addition":0,"max":4,"ratio":1,"min":0},"type":"status_writable","id":3,"desc":"....."},{"display_name":"\u65b0\u98ce\u98ce\u9600\u63a7\u5236","name":"NewAir_motor_control","data_type":"uint8","position":{"byte_offset":3,"unit":"byte","len":1,"bit_offset":0},"uint_spec":{"addition":0,"max":2,"ratio":1,"min":0},"type":"status_writable","id":4,"desc":"....."},{"display_name":"Rank_Indoor_Air","name":"Rank_Indoor_Air","data_type":"uint8","position":{"byte_offset":4,"unit":"byte","len":1,"bit_offset":0},"uint_spec":{"addition":0,"max":5,"ratio":1,"min":0},"type":"status_writable","id":5,"desc":"....."},{"display_name":"\u7184\u5c4f\u63a7\u5236","name":"Screen_Control","data_type":"uint8","position":{"byte_offset":5,"unit":"byte","len":1,"bit_offset":0},"uint_spec":{"addition":0,"max":1,"ratio":1,"min":0},"type":"status_writable","id":6,"desc":"....."},{"display_name":"\u4f20\u611f\u5668\u6545\u969c","name":"Fault_Sensor","data_type":"uint8","position":{"byte_offset":6,"unit":"byte","len":1,"bit_offset":0},"uint_spec":{"addition":0,"max":3,"ratio":1,"min":0},"type":"status_readonly","id":7,"desc":"....."},{"display_name":"WiFi\u8fde\u63a5\u72b6\u6001","name":"easylink_state","data_type":"uint8","position":{"byte_offset":7,"unit":"byte","len":1,"bit_offset":0},"uint_spec":{"addition":0,"max":2,"ratio":1,"min":0},"type":"status_readonly","id":8,"desc":"....."},{"display_name":"\u6ee4\u7f51\u66f4\u65b0\u6216\u6e05\u6d17\u63d0\u9192","name":"Alert_Filter_Life","data_type":"uint8","position":{"byte_offset":8,"unit":"byte","len":1,"bit_offset":0},"uint_spec":{"addition":0,"max":3,"ratio":1,"min":0},"type":"status_readonly","id":9,"desc":"....."},{"display_name":"PM2.5","name":"PM2_5_Indoor","data_type":"uint16","position":{"byte_offset":9,"unit":"byte","len":2,"bit_offset":0},"uint_spec":{"addition":0,"max":500,"ratio":1,"min":0},"type":"status_readonly","id":10,"desc":"....."},{"display_name":"VOC","name":"PS_Targ_Grade","data_type":"uint16","position":{"byte_offset":11,"unit":"byte","len":2,"bit_offset":0},"uint_spec":{"addition":0,"max":500,"ratio":0.01,"min":0},"type":"status_readonly","id":11,"desc":"....."},{"display_name":"\u9001\u98ce\u673a\u8f6c\u901f","name":"RPM_FanIn","data_type":"uint16","position":{"byte_offset":13,"unit":"byte","len":2,"bit_offset":0},"uint_spec":{"addition":0,"max":3100,"ratio":1,"min":0},"type":"status_readonly","id":12,"desc":"....."},{"display_name":"\u6392\u98ce\u673a\u8f6c\u901f","name":"RPM_FanOut","data_type":"uint16","position":{"byte_offset":15,"unit":"byte","len":2,"bit_offset":0},"uint_spec":{"addition":0,"max":3100,"ratio":1,"min":0},"type":"status_readonly","id":13,"desc":"....."},{"display_name":"CO2","name":"CO2_ppm","data_type":"uint16","position":{"byte_offset":17,"unit":"byte","len":2,"bit_offset":0},"uint_spec":{"addition":0,"max":5000,"ratio":1,"min":0},"type":"status_readonly","id":14,"desc":"....."},{"display_name":"\u98ce\u9600\u5f00\u5ea6","name":"Step_SM_NewAir","data_type":"uint16","position":{"byte_offset":19,"unit":"byte","len":2,"bit_offset":0},"uint_spec":{"addition":0,"max":1600,"ratio":1,"min":0},"type":"status_readonly","id":15,"desc":"....."},{"display_name":"\u9001\u98ce\u6545\u969c","name":"Fault_Flag_Bit_Fan1_Feedback","data_type":"uint8","position":{"byte_offset":21,"unit":"byte","len":1,"bit_offset":0},"uint_spec":{"addition":0,"max":1,"ratio":1,"min":0},"type":"fault","id":16,"desc":"....."},{"display_name":"\u6392\u98ce\u6545\u969c","name":"Fault_Flag_Bit_Fan2_Feedback","data_type":"uint8","position":{"byte_offset":22,"unit":"byte","len":1,"bit_offset":0},"uint_spec":{"addition":0,"max":1,"ratio":1,"min":0},"type":"fault","id":17,"desc":"....."}],"name":"entity0","id":0}],"ui":{"object":{"version":4,"showEditButton":false},"sections":[{"elements":[{"boolValue":false,"object":{"action":"entity0","bind":["entity0.Timing_On"],"perm":"W"},"type":"QBooleanElement","key":"entity0.Timing_On","title":"\u5b9a\u65f6\u5f00\u673a"},{"boolValue":false,"object":{"action":"entity0","bind":["entity0.Timing_Off"],"perm":"W"},"type":"QBooleanElement","key":"entity0.Timing_Off","title":"\u5b9a\u65f6\u5173\u673a"},{"title":"\u5f00\u5173\u673a","bind":"floatValue:float","object":{"action":"entity0","bind":["entity0.Power_OnOff"],"uint_spec":{"max":1.0,"step":1,"min":0.0},"perm":"W"},"value":0,"key":"entity0.Power_OnOff","maximumValue":1.0,"minimumValue":0.0,"type":"QFloatElement"},{"title":"\u8fd0\u884c\u6a21\u5f0f","bind":"floatValue:float","object":{"action":"entity0","bind":["entity0.Mode"],"uint_spec":{"max":4.0,"step":1,"min":0.0},"perm":"W"},"value":0,"key":"entity0.Mode","maximumValue":4.0,"minimumValue":0.0,"type":"QFloatElement"},{"title":"\u65b0\u98ce\u98ce\u9600\u63a7\u5236","bind":"floatValue:float","object":{"action":"entity0","bind":["entity0.NewAir_motor_control"],"uint_spec":{"max":2.0,"step":1,"min":0.0},"perm":"W"},"value":0,"key":"entity0.NewAir_motor_control","maximumValue":2.0,"minimumValue":0.0,"type":"QFloatElement"},{"title":"Rank_Indoor_Air","bind":"floatValue:float","object":{"action":"entity0","bind":["entity0.Rank_Indoor_Air"],"uint_spec":{"max":5.0,"step":1,"min":0.0},"perm":"W"},"value":0,"key":"entity0.Rank_Indoor_Air","maximumValue":5.0,"minimumValue":0.0,"type":"QFloatElement"},{"title":"\u7184\u5c4f\u63a7\u5236","bind":"floatValue:float","object":{"action":"entity0","bind":["entity0.Screen_Control"],"uint_spec":{"max":1.0,"step":1,"min":0.0},"perm":"W"},"value":0,"key":"entity0.Screen_Control","maximumValue":1.0,"minimumValue":0.0,"type":"QFloatElement"},{"object":{"action":"entity0","bind":["entity0.Fault_Sensor"],"uint_spec":{"max":3.0,"step":1,"min":0.0},"perm":"N"},"type":"QLabelElement","key":"entity0.Fault_Sensor","title":"\u4f20\u611f\u5668\u6545\u969c"},{"object":{"action":"entity0","bind":["entity0.easylink_state"],"uint_spec":{"max":2.0,"step":1,"min":0.0},"perm":"N"},"type":"QLabelElement","key":"entity0.easylink_state","title":"WiFi\u8fde\u63a5\u72b6\u6001"},{"object":{"action":"entity0","bind":["entity0.Alert_Filter_Life"],"uint_spec":{"max":3.0,"step":1,"min":0.0},"perm":"N"},"type":"QLabelElement","key":"entity0.Alert_Filter_Life","title":"\u6ee4\u7f51\u66f4\u65b0\u6216\u6e05\u6d17\u63d0\u9192"},{"object":{"action":"entity0","bind":["entity0.PM2_5_Indoor"],"uint_spec":{"max":500.0,"step":1,"min":0.0},"perm":"N"},"type":"QLabelElement","key":"entity0.PM2_5_Indoor","title":"PM2.5"},{"object":{"action":"entity0","bind":["entity0.PS_Targ_Grade"],"uint_spec":{"max":5.0,"step":0.01,"min":0.0},"perm":"N"},"type":"QLabelElement","key":"entity0.PS_Targ_Grade","title":"VOC"},{"object":{"action":"entity0","bind":["entity0.RPM_FanIn"],"uint_spec":{"max":3100.0,"step":1,"min":0.0},"perm":"N"},"type":"QLabelElement","key":"entity0.RPM_FanIn","title":"\u9001\u98ce\u673a\u8f6c\u901f"},{"object":{"action":"entity0","bind":["entity0.RPM_FanOut"],"uint_spec":{"max":3100.0,"step":1,"min":0.0},"perm":"N"},"type":"QLabelElement","key":"entity0.RPM_FanOut","title":"\u6392\u98ce\u673a\u8f6c\u901f"},{"object":{"action":"entity0","bind":["entity0.CO2_ppm"],"uint_spec":{"max":5000.0,"step":1,"min":0.0},"perm":"N"},"type":"QLabelElement","key":"entity0.CO2_ppm","title":"CO2"},{"object":{"action":"entity0","bind":["entity0.Step_SM_NewAir"],"uint_spec":{"max":1600.0,"step":1,"min":0.0},"perm":"N"},"type":"QLabelElement","key":"entity0.Step_SM_NewAir","title":"\u98ce\u9600\u5f00\u5ea6"}]}]}}