{"name":"\u673a\u667a\u4e91\u667a\u80fd\u5b89\u9632\u706f","entities":[{"id":0,"display_name":"\u673a\u667a\u4e91\u5f00\u53d1\u5957\u4ef6","attrs":[{"display_name":"\u5f00\u5173","name":"Switch","data_type":"bool","position":{"bit_offset":0,"len":1,"unit":"bit","byte_offset":0},"type":"status_writable","id":0,"desc":"....."},{"display_name":"\u62a5\u8b66\u5f00\u5173","name":"Alert_Switch","data_type":"bool","position":{"bit_offset":1,"len":1,"unit":"bit","byte_offset":0},"type":"status_writable","id":1,"desc":"....."},{"display_name":"\u9009\u62e9\u8272\u6e29","name":"C_Temperature","data_type":"enum","enum":["\u6696\u767d"," \u4e2d\u6027\u767d","\u51b7\u767d"],"position":{"bit_offset":2,"len":2,"unit":"bit","byte_offset":0},"type":"status_writable","id":2,"desc":"....."},{"display_name":"\u9009\u62e9\u8c03\u8282\u6a21\u5f0f","name":"mode","data_type":"enum","enum":["\u8272\u5f69"," \u8272\u6e29"],"position":{"bit_offset":4,"len":1,"unit":"bit","byte_offset":0},"type":"status_writable","id":3,"desc":"....."},{"display_name":"\u4eae\u5ea6\u8c03\u8282","name":"Brightness","data_type":"uint8","position":{"bit_offset":0,"len":1,"unit":"byte","byte_offset":1},"uint_spec":{"addition":0,"max":100,"ratio":1,"min":0},"type":"status_writable","id":4,"desc":"....."},{"display_name":"\u989c\u8272\u8c03\u8282_\u7ea2\u8272","name":"Color_R","data_type":"uint8","position":{"bit_offset":0,"len":1,"unit":"byte","byte_offset":2},"uint_spec":{"addition":0,"max":255,"ratio":1,"min":0},"type":"status_writable","id":5,"desc":"....."},{"display_name":"\u989c\u8272\u8c03\u8282_\u7eff\u8272","name":"Color_G","data_type":"uint8","position":{"bit_offset":0,"len":1,"unit":"byte","byte_offset":3},"uint_spec":{"addition":0,"max":255,"ratio":1,"min":0},"type":"status_writable","id":6,"desc":"....."},{"display_name":"\u989c\u8272\u8c03\u8282_\u84dd\u8272","name":"Color_B","data_type":"uint8","position":{"bit_offset":0,"len":1,"unit":"byte","byte_offset":4},"uint_spec":{"addition":0,"max":255,"ratio":1,"min":0},"type":"status_writable","id":7,"desc":"....."},{"display_name":"\u62a5\u8b66\u72b6\u6001","name":"Alert_Status","data_type":"bool","position":{"bit_offset":0,"len":1,"unit":"bit","byte_offset":5},"type":"alert","id":8,"desc":"....."}],"name":"entity0"}],"protocolType":"standard","product_key":"17e0790664d64a1383ce20db2cfcdef3","packetVersion":"0x00000004","ui":{"object":{"version":4,"showEditButton":false},"sections":[{"elements":[{"boolValue":false,"object":{"action":"entity0","bind":["entity0.Switch"],"perm":"W"},"type":"QBooleanElement","key":"entity0.Switch","title":"\u5f00\u5173"},{"boolValue":false,"object":{"action":"entity0","bind":["entity0.Alert_Switch"],"perm":"W"},"type":"QBooleanElement","key":"entity0.Alert_Switch","title":"\u62a5\u8b66\u5f00\u5173"},{"items":["\u6696\u767d"," \u4e2d\u6027\u767d","\u51b7\u767d"],"object":{"action":"entity0","bind":["entity0.C_Temperature"],"perm":"W"},"type":"QRadioElement","key":"entity0.C_Temperature","title":"\u9009\u62e9\u8272\u6e29"},{"items":["\u8272\u5f69"," \u8272\u6e29"],"object":{"action":"entity0","bind":["entity0.mode"],"perm":"W"},"type":"QRadioElement","key":"entity0.mode","title":"\u9009\u62e9\u8c03\u8282\u6a21\u5f0f"},{"title":"\u4eae\u5ea6\u8c03\u8282","bind":"floatValue:float","object":{"action":"entity0","bind":["entity0.Brightness"],"uint_spec":{"max":100.0,"step":1,"min":0.0},"perm":"W"},"value":0,"key":"entity0.Brightness","maximumValue":100.0,"minimumValue":0.0,"type":"QFloatElement"},{"title":"\u989c\u8272\u8c03\u8282_\u7ea2\u8272","bind":"floatValue:float","object":{"action":"entity0","bind":["entity0.Color_R"],"uint_spec":{"max":255.0,"step":1,"min":0.0},"perm":"W"},"value":0,"key":"entity0.Color_R","maximumValue":255.0,"minimumValue":0.0,"type":"QFloatElement"},{"title":"\u989c\u8272\u8c03\u8282_\u7eff\u8272","bind":"floatValue:float","object":{"action":"entity0","bind":["entity0.Color_G"],"uint_spec":{"max":255.0,"step":1,"min":0.0},"perm":"W"},"value":0,"key":"entity0.Color_G","maximumValue":255.0,"minimumValue":0.0,"type":"QFloatElement"},{"title":"\u989c\u8272\u8c03\u8282_\u84dd\u8272","bind":"floatValue:float","object":{"action":"entity0","bind":["entity0.Color_B"],"uint_spec":{"max":255.0,"step":1,"min":0.0},"perm":"W"},"value":0,"key":"entity0.Color_B","maximumValue":255.0,"minimumValue":0.0,"type":"QFloatElement"}]}]}}