{"name":"\u56db\u5b63\u6c90\u6b4c\u51c0\u6c34\u5668","packetVersion":"0x00000004","protocolType":"standard","product_key":"3558938a9f6f4820a8fc23a0947b1ee9","entities":[{"display_name":"\u673a\u667a\u4e91\u5f00\u53d1\u5957\u4ef6","attrs":[{"display_name":"\u505c\u6b62\u5236\u6c34","name":"Stop_Product_Water","data_type":"bool","position":{"byte_offset":0,"unit":"bit","len":1,"bit_offset":0},"type":"status_writable","id":0,"desc":"....."},{"display_name":"\u5f00\u59cb\u51b2\u6d17","name":"Start_Wash","data_type":"bool","position":{"byte_offset":0,"unit":"bit","len":1,"bit_offset":1},"type":"status_writable","id":1,"desc":"....."},{"display_name":"\u6a21\u5f0f","name":"Mode","data_type":"enum","enum":["\u5236\u6c34","\u6c34\u6ee1","\u51b2\u6d17"],"position":{"byte_offset":1,"unit":"bit","len":2,"bit_offset":0},"type":"status_readonly","id":2,"desc":"....."},{"display_name":"\u539f\u6c34TDS\u663e\u793a","name":"Raw_Water_TDS","data_type":"uint16","position":{"byte_offset":2,"unit":"byte","len":2,"bit_offset":0},"uint_spec":{"addition":0,"max":10000,"ratio":1,"min":0},"type":"status_readonly","id":3,"desc":"....."},{"display_name":"\u7eaf\u6c34TDS\u663e\u793a","name":"Pure_Water_TDS","data_type":"uint16","position":{"byte_offset":4,"unit":"byte","len":2,"bit_offset":0},"uint_spec":{"addition":0,"max":10000,"ratio":1,"min":0},"type":"status_readonly","id":4,"desc":"....."},{"display_name":"\u6ee4\u82af1\u5269\u4f59\u5bff\u547d","name":"Cartridge_Life_1","data_type":"uint16","position":{"byte_offset":6,"unit":"byte","len":2,"bit_offset":0},"uint_spec":{"addition":0,"max":65535,"ratio":1,"min":0},"type":"status_readonly","id":5,"desc":"....."},{"display_name":"\u6ee4\u82af2\u5269\u4f59\u5bff\u547d","name":"Cartridge_Life_2","data_type":"uint16","position":{"byte_offset":8,"unit":"byte","len":2,"bit_offset":0},"uint_spec":{"addition":0,"max":65535,"ratio":1,"min":0},"type":"status_readonly","id":6,"desc":"....."},{"display_name":"\u6ee4\u82af3\u5269\u4f59\u5bff\u547d","name":"Cartridge_Life_3","data_type":"uint16","position":{"byte_offset":10,"unit":"byte","len":2,"bit_offset":0},"uint_spec":{"addition":0,"max":65535,"ratio":1,"min":0},"type":"status_readonly","id":7,"desc":"....."},{"display_name":"RO\u819c\u5269\u4f59\u5bff\u547d","name":"RO_Residual_Life","data_type":"uint16","position":{"byte_offset":12,"unit":"byte","len":2,"bit_offset":0},"uint_spec":{"addition":0,"max":65535,"ratio":1,"min":0},"type":"status_readonly","id":8,"desc":"....."},{"display_name":"\u81ea\u6765\u6c34\u7528\u6c34\u91cf","name":"Tap_Water_Yield","data_type":"uint16","position":{"byte_offset":14,"unit":"byte","len":2,"bit_offset":0},"uint_spec":{"addition":0,"max":65535,"ratio":1,"min":0},"type":"status_readonly","id":9,"desc":"....."},{"display_name":"\u7eaf\u51c0\u6c34\u751f\u6210\u91cf","name":"Pure_Water_Yield","data_type":"uint16","position":{"byte_offset":16,"unit":"byte","len":2,"bit_offset":0},"uint_spec":{"addition":0,"max":65535,"ratio":1,"min":0},"type":"status_readonly","id":10,"desc":"....."},{"display_name":"\u6ee4\u82af5\u5269\u4f59\u5bff\u547d","name":"Cartridge_Life_5","data_type":"uint16","position":{"byte_offset":18,"unit":"byte","len":2,"bit_offset":0},"uint_spec":{"addition":0,"max":65535,"ratio":1,"min":0},"type":"status_readonly","id":11,"desc":"....."},{"display_name":"\u7f3a\u6c34\u62a5\u8b66","name":"Hydropenia","data_type":"bool","position":{"byte_offset":20,"unit":"bit","len":1,"bit_offset":0},"type":"alert","id":12,"desc":"....."},{"display_name":"\u6f0f\u6c34\u62a5\u8b66","name":"Leak","data_type":"bool","position":{"byte_offset":20,"unit":"bit","len":1,"bit_offset":1},"type":"alert","id":13,"desc":"....."},{"display_name":"\u7cfb\u7edf\u6545\u969c\u62a5\u8b66","name":"System_Fault","data_type":"bool","position":{"byte_offset":20,"unit":"bit","len":1,"bit_offset":2},"type":"alert","id":14,"desc":"....."},{"display_name":"\u6ee4\u82af1\u5269\u4f59\u5bff\u547d\u62a5\u8b66","name":"Cartridge_Life_Alarm_1","data_type":"bool","position":{"byte_offset":20,"unit":"bit","len":1,"bit_offset":3},"type":"alert","id":15,"desc":"....."},{"display_name":"\u6ee4\u82af2\u5269\u4f59\u5bff\u547d\u62a5\u8b66","name":"Cartridge_Life_Alarm_2","data_type":"bool","position":{"byte_offset":20,"unit":"bit","len":1,"bit_offset":4},"type":"alert","id":16,"desc":"....."},{"display_name":"\u6ee4\u82af3\u5269\u4f59\u5bff\u547d\u62a5\u8b66","name":"Cartridge_Life_Alarm_3","data_type":"bool","position":{"byte_offset":20,"unit":"bit","len":1,"bit_offset":5},"type":"alert","id":17,"desc":"....."},{"display_name":"\u6ee4\u82af5\u5269\u4f59\u5bff\u547d\u62a5\u8b66","name":"Cartridge_Life_Alarm_5","data_type":"bool","position":{"byte_offset":20,"unit":"bit","len":1,"bit_offset":6},"type":"alert","id":18,"desc":"....."},{"display_name":"RO\u819c\u5269\u4f59\u5bff\u547d\u62a5\u8b66","name":"RO_Residual_Life_Alarm","data_type":"bool","position":{"byte_offset":20,"unit":"bit","len":1,"bit_offset":7},"type":"alert","id":19,"desc":"....."}],"name":"entity0","id":0}],"ui":{"object":{"version":4,"showEditButton":false},"sections":[{"elements":[{"boolValue":false,"object":{"action":"entity0","bind":["entity0.Stop_Product_Water"],"perm":"W"},"type":"QBooleanElement","key":"entity0.Stop_Product_Water","title":"\u505c\u6b62\u5236\u6c34"},{"boolValue":false,"object":{"action":"entity0","bind":["entity0.Start_Wash"],"perm":"W"},"type":"QBooleanElement","key":"entity0.Start_Wash","title":"\u5f00\u59cb\u51b2\u6d17"},{"items":["\u5236\u6c34","\u6c34\u6ee1","\u51b2\u6d17"],"object":{"action":"entity0","bind":["entity0.Mode"],"perm":"N"},"type":"QRadioElement","key":"entity0.Mode","title":"\u6a21\u5f0f"},{"object":{"action":"entity0","bind":["entity0.Raw_Water_TDS"],"uint_spec":{"max":10000.0,"step":1,"min":0.0},"perm":"N"},"type":"QLabelElement","key":"entity0.Raw_Water_TDS","title":"\u539f\u6c34TDS\u663e\u793a"},{"object":{"action":"entity0","bind":["entity0.Pure_Water_TDS"],"uint_spec":{"max":10000.0,"step":1,"min":0.0},"perm":"N"},"type":"QLabelElement","key":"entity0.Pure_Water_TDS","title":"\u7eaf\u6c34TDS\u663e\u793a"},{"object":{"action":"entity0","bind":["entity0.Cartridge_Life_1"],"uint_spec":{"max":65535.0,"step":1,"min":0.0},"perm":"N"},"type":"QLabelElement","key":"entity0.Cartridge_Life_1","title":"\u6ee4\u82af1\u5269\u4f59\u5bff\u547d"},{"object":{"action":"entity0","bind":["entity0.Cartridge_Life_2"],"uint_spec":{"max":65535.0,"step":1,"min":0.0},"perm":"N"},"type":"QLabelElement","key":"entity0.Cartridge_Life_2","title":"\u6ee4\u82af2\u5269\u4f59\u5bff\u547d"},{"object":{"action":"entity0","bind":["entity0.Cartridge_Life_3"],"uint_spec":{"max":65535.0,"step":1,"min":0.0},"perm":"N"},"type":"QLabelElement","key":"entity0.Cartridge_Life_3","title":"\u6ee4\u82af3\u5269\u4f59\u5bff\u547d"},{"object":{"action":"entity0","bind":["entity0.RO_Residual_Life"],"uint_spec":{"max":65535.0,"step":1,"min":0.0},"perm":"N"},"type":"QLabelElement","key":"entity0.RO_Residual_Life","title":"RO\u819c\u5269\u4f59\u5bff\u547d"},{"object":{"action":"entity0","bind":["entity0.Tap_Water_Yield"],"uint_spec":{"max":65535.0,"step":1,"min":0.0},"perm":"N"},"type":"QLabelElement","key":"entity0.Tap_Water_Yield","title":"\u81ea\u6765\u6c34\u7528\u6c34\u91cf"},{"object":{"action":"entity0","bind":["entity0.Pure_Water_Yield"],"uint_spec":{"max":65535.0,"step":1,"min":0.0},"perm":"N"},"type":"QLabelElement","key":"entity0.Pure_Water_Yield","title":"\u7eaf\u51c0\u6c34\u751f\u6210\u91cf"},{"object":{"action":"entity0","bind":["entity0.Cartridge_Life_5"],"uint_spec":{"max":65535.0,"step":1,"min":0.0},"perm":"N"},"type":"QLabelElement","key":"entity0.Cartridge_Life_5","title":"\u6ee4\u82af5\u5269\u4f59\u5bff\u547d"}]}]}}