{"name":"\u7f8e\u79d1\u6069\u51c0\u6c34\u5668","entities":[{"id":0,"display_name":"\u673a\u667a\u4e91\u5f00\u53d1\u5957\u4ef6","attrs":[{"display_name":"\u5f00\u5173","name":"Switch","data_type":"bool","position":{"bit_offset":0,"len":1,"unit":"bit","byte_offset":0},"type":"status_writable","id":0,"desc":"....."},{"display_name":"\u8fd0\u884c\u6a21\u5f0f","name":"Mode","data_type":"enum","enum":["\u6b63\u5e38","\u51b2\u6d17","\u5236\u6c34","\u6c34\u6ee1","\u7f3a\u6c34","\u7ef4\u4fee","\u6f0f\u6c34"],"position":{"bit_offset":1,"len":3,"unit":"bit","byte_offset":0},"type":"status_writable","id":1,"desc":"....."},{"display_name":"\u6ee4\u82af1\u5269\u4f59\u767e\u5206\u6bd4","name":"Filter_1_Percent","data_type":"uint8","position":{"bit_offset":0,"len":1,"unit":"byte","byte_offset":1},"uint_spec":{"addition":0,"max":100,"ratio":1,"min":0},"type":"status_writable","id":2,"desc":"....."},{"display_name":"\u6ee4\u82af2\u5269\u4f59\u767e\u5206\u6bd4","name":"Filter_2_Percent","data_type":"uint8","position":{"bit_offset":0,"len":1,"unit":"byte","byte_offset":2},"uint_spec":{"addition":0,"max":100,"ratio":1,"min":0},"type":"status_writable","id":3,"desc":"....."},{"display_name":"\u6ee4\u82af3\u5269\u4f59\u767e\u5206\u6bd4","name":"Filter_3_Percent","data_type":"uint8","position":{"bit_offset":0,"len":1,"unit":"byte","byte_offset":3},"uint_spec":{"addition":0,"max":100,"ratio":1,"min":0},"type":"status_writable","id":4,"desc":"....."},{"display_name":"\u6ee4\u82af4\u5269\u4f59\u767e\u5206\u6bd4","name":"Filter_4_Percent","data_type":"uint8","position":{"bit_offset":0,"len":1,"unit":"byte","byte_offset":4},"uint_spec":{"addition":0,"max":100,"ratio":1,"min":0},"type":"status_writable","id":5,"desc":"....."},{"display_name":"\u6ee4\u82af5\u5269\u4f59\u767e\u5206\u6bd4","name":"Filter_5_Percent","data_type":"uint8","position":{"bit_offset":0,"len":1,"unit":"byte","byte_offset":5},"uint_spec":{"addition":0,"max":100,"ratio":1,"min":0},"type":"status_writable","id":6,"desc":"....."},{"display_name":"\u6ee4\u82af6\u5269\u4f59\u767e\u5206\u6bd4","name":"Filter_6_Percent","data_type":"uint8","position":{"bit_offset":0,"len":1,"unit":"byte","byte_offset":6},"uint_spec":{"addition":0,"max":100,"ratio":1,"min":0},"type":"status_writable","id":7,"desc":"....."},{"display_name":"\u6ee4\u82af1\u5269\u4f59\u65f6\u95f4","name":"Filter_1_Life","data_type":"uint16","position":{"bit_offset":0,"len":2,"unit":"byte","byte_offset":7},"uint_spec":{"addition":0,"max":65535,"ratio":1,"min":0},"type":"status_writable","id":8,"desc":"....."},{"display_name":"\u6ee4\u82af2\u5269\u4f59\u65f6\u95f4","name":"Filter_2_Life","data_type":"uint16","position":{"bit_offset":0,"len":2,"unit":"byte","byte_offset":9},"uint_spec":{"addition":0,"max":65535,"ratio":1,"min":0},"type":"status_writable","id":9,"desc":"....."},{"display_name":"\u6ee4\u82af3\u5269\u4f59\u65f6\u95f4","name":"Filter_3_Life","data_type":"uint16","position":{"bit_offset":0,"len":2,"unit":"byte","byte_offset":11},"uint_spec":{"addition":0,"max":65535,"ratio":1,"min":0},"type":"status_writable","id":10,"desc":"....."},{"display_name":"\u6ee4\u82af4\u5269\u4f59\u65f6\u95f4","name":"Filter_4_Life","data_type":"uint16","position":{"bit_offset":0,"len":2,"unit":"byte","byte_offset":13},"uint_spec":{"addition":0,"max":65535,"ratio":1,"min":0},"type":"status_writable","id":11,"desc":"....."},{"display_name":"\u6ee4\u82af5\u5269\u4f59\u65f6\u95f4","name":"Filter_5_Life","data_type":"uint16","position":{"bit_offset":0,"len":2,"unit":"byte","byte_offset":15},"uint_spec":{"addition":0,"max":65535,"ratio":1,"min":0},"type":"status_writable","id":12,"desc":"....."},{"display_name":"\u6ee4\u82af6\u5269\u4f59\u65f6\u95f4","name":"Filter_6_Life","data_type":"uint16","position":{"bit_offset":0,"len":2,"unit":"byte","byte_offset":17},"uint_spec":{"addition":0,"max":65535,"ratio":1,"min":0},"type":"status_writable","id":13,"desc":"....."},{"display_name":"TDS1","name":"TDS1","data_type":"uint16","position":{"bit_offset":0,"len":2,"unit":"byte","byte_offset":19},"uint_spec":{"addition":0,"max":65535,"ratio":1,"min":0},"type":"status_readonly","id":14,"desc":"....."},{"display_name":"TDS2","name":"TDS2","data_type":"uint16","position":{"bit_offset":0,"len":2,"unit":"byte","byte_offset":21},"uint_spec":{"addition":0,"max":65535,"ratio":1,"min":0},"type":"status_readonly","id":15,"desc":"....."},{"display_name":"\u8bbe\u5907\u6545\u969c","name":"Device_Fault","data_type":"uint8","position":{"bit_offset":0,"len":1,"unit":"byte","byte_offset":23},"uint_spec":{"addition":0,"max":255,"ratio":1,"min":0},"type":"fault","id":16,"desc":"....."}],"name":"entity0"}],"protocolType":"standard","product_key":"4551e260bdfe45828709d7ab1f4223cc","packetVersion":"0x00000004","ui":{"object":{"version":4,"showEditButton":false},"sections":[{"elements":[{"boolValue":false,"object":{"action":"entity0","bind":["entity0.Switch"],"perm":"W"},"type":"QBooleanElement","key":"entity0.Switch","title":"\u5f00\u5173"},{"items":["\u6b63\u5e38","\u51b2\u6d17","\u5236\u6c34","\u6c34\u6ee1","\u7f3a\u6c34","\u7ef4\u4fee","\u6f0f\u6c34"],"object":{"action":"entity0","bind":["entity0.Mode"],"perm":"W"},"type":"QRadioElement","key":"entity0.Mode","title":"\u8fd0\u884c\u6a21\u5f0f"},{"title":"\u6ee4\u82af1\u5269\u4f59\u767e\u5206\u6bd4","bind":"floatValue:float","object":{"action":"entity0","bind":["entity0.Filter_1_Percent"],"uint_spec":{"max":100.0,"step":1,"min":0.0},"perm":"W"},"value":0,"key":"entity0.Filter_1_Percent","maximumValue":100.0,"minimumValue":0.0,"type":"QFloatElement"},{"title":"\u6ee4\u82af2\u5269\u4f59\u767e\u5206\u6bd4","bind":"floatValue:float","object":{"action":"entity0","bind":["entity0.Filter_2_Percent"],"uint_spec":{"max":100.0,"step":1,"min":0.0},"perm":"W"},"value":0,"key":"entity0.Filter_2_Percent","maximumValue":100.0,"minimumValue":0.0,"type":"QFloatElement"},{"title":"\u6ee4\u82af3\u5269\u4f59\u767e\u5206\u6bd4","bind":"floatValue:float","object":{"action":"entity0","bind":["entity0.Filter_3_Percent"],"uint_spec":{"max":100.0,"step":1,"min":0.0},"perm":"W"},"value":0,"key":"entity0.Filter_3_Percent","maximumValue":100.0,"minimumValue":0.0,"type":"QFloatElement"},{"title":"\u6ee4\u82af4\u5269\u4f59\u767e\u5206\u6bd4","bind":"floatValue:float","object":{"action":"entity0","bind":["entity0.Filter_4_Percent"],"uint_spec":{"max":100.0,"step":1,"min":0.0},"perm":"W"},"value":0,"key":"entity0.Filter_4_Percent","maximumValue":100.0,"minimumValue":0.0,"type":"QFloatElement"},{"title":"\u6ee4\u82af5\u5269\u4f59\u767e\u5206\u6bd4","bind":"floatValue:float","object":{"action":"entity0","bind":["entity0.Filter_5_Percent"],"uint_spec":{"max":100.0,"step":1,"min":0.0},"perm":"W"},"value":0,"key":"entity0.Filter_5_Percent","maximumValue":100.0,"minimumValue":0.0,"type":"QFloatElement"},{"title":"\u6ee4\u82af6\u5269\u4f59\u767e\u5206\u6bd4","bind":"floatValue:float","object":{"action":"entity0","bind":["entity0.Filter_6_Percent"],"uint_spec":{"max":100.0,"step":1,"min":0.0},"perm":"W"},"value":0,"key":"entity0.Filter_6_Percent","maximumValue":100.0,"minimumValue":0.0,"type":"QFloatElement"},{"title":"\u6ee4\u82af1\u5269\u4f59\u65f6\u95f4","bind":"floatValue:float","object":{"action":"entity0","bind":["entity0.Filter_1_Life"],"uint_spec":{"max":65535.0,"step":1,"min":0.0},"perm":"W"},"value":0,"key":"entity0.Filter_1_Life","maximumValue":65535.0,"minimumValue":0.0,"type":"QFloatElement"},{"title":"\u6ee4\u82af2\u5269\u4f59\u65f6\u95f4","bind":"floatValue:float","object":{"action":"entity0","bind":["entity0.Filter_2_Life"],"uint_spec":{"max":65535.0,"step":1,"min":0.0},"perm":"W"},"value":0,"key":"entity0.Filter_2_Life","maximumValue":65535.0,"minimumValue":0.0,"type":"QFloatElement"},{"title":"\u6ee4\u82af3\u5269\u4f59\u65f6\u95f4","bind":"floatValue:float","object":{"action":"entity0","bind":["entity0.Filter_3_Life"],"uint_spec":{"max":65535.0,"step":1,"min":0.0},"perm":"W"},"value":0,"key":"entity0.Filter_3_Life","maximumValue":65535.0,"minimumValue":0.0,"type":"QFloatElement"},{"title":"\u6ee4\u82af4\u5269\u4f59\u65f6\u95f4","bind":"floatValue:float","object":{"action":"entity0","bind":["entity0.Filter_4_Life"],"uint_spec":{"max":65535.0,"step":1,"min":0.0},"perm":"W"},"value":0,"key":"entity0.Filter_4_Life","maximumValue":65535.0,"minimumValue":0.0,"type":"QFloatElement"},{"title":"\u6ee4\u82af5\u5269\u4f59\u65f6\u95f4","bind":"floatValue:float","object":{"action":"entity0","bind":["entity0.Filter_5_Life"],"uint_spec":{"max":65535.0,"step":1,"min":0.0},"perm":"W"},"value":0,"key":"entity0.Filter_5_Life","maximumValue":65535.0,"minimumValue":0.0,"type":"QFloatElement"},{"title":"\u6ee4\u82af6\u5269\u4f59\u65f6\u95f4","bind":"floatValue:float","object":{"action":"entity0","bind":["entity0.Filter_6_Life"],"uint_spec":{"max":65535.0,"step":1,"min":0.0},"perm":"W"},"value":0,"key":"entity0.Filter_6_Life","maximumValue":65535.0,"minimumValue":0.0,"type":"QFloatElement"},{"object":{"action":"entity0","bind":["entity0.TDS1"],"uint_spec":{"max":65535.0,"step":1,"min":0.0},"perm":"N"},"type":"QLabelElement","key":"entity0.TDS1","title":"TDS1"},{"object":{"action":"entity0","bind":["entity0.TDS2"],"uint_spec":{"max":65535.0,"step":1,"min":0.0},"perm":"N"},"type":"QLabelElement","key":"entity0.TDS2","title":"TDS2"}]}]}}