{"name":"\u56db\u5b63\u6c90\u6b4c\u70ed\u6c34\u5668","entities":[{"id":0,"display_name":"\u673a\u667a\u4e91\u5f00\u53d1\u5957\u4ef6","attrs":[{"display_name":"\u6052\u6e29\u6a21\u5f0f","name":"Mode_Constant_Temp","data_type":"bool","position":{"bit_offset":0,"len":1,"unit":"bit","byte_offset":0},"type":"status_writable","id":0,"desc":"....."},{"display_name":"\u6052\u6c34\u4f4d\u6a21\u5f0f","name":"Mode_Constant_W_L","data_type":"bool","position":{"bit_offset":1,"len":1,"unit":"bit","byte_offset":0},"type":"status_writable","id":1,"desc":"....."},{"display_name":"\u52a0\u70ed\u5f00\u5173","name":"Heating_Switch","data_type":"bool","position":{"bit_offset":2,"len":1,"unit":"bit","byte_offset":0},"type":"status_writable","id":2,"desc":"....."},{"display_name":"\u4e0a\u6c34\u5f00\u5173","name":"Add_Water_Switch","data_type":"bool","position":{"bit_offset":3,"len":1,"unit":"bit","byte_offset":0},"type":"status_writable","id":3,"desc":"....."},{"display_name":"\u89e3\u51bb\u5f00\u5173","name":"Unfreeze_Switch","data_type":"bool","position":{"bit_offset":4,"len":1,"unit":"bit","byte_offset":0},"type":"status_writable","id":4,"desc":"....."},{"display_name":"\u4e0a\u6c34\u5b9a\u65f61\u5f00\u5173","name":"Add_Water_Time_Switch_1","data_type":"bool","position":{"bit_offset":5,"len":1,"unit":"bit","byte_offset":0},"type":"status_writable","id":5,"desc":"....."},{"display_name":"\u4e0a\u6c34\u5b9a\u65f62\u5f00\u5173","name":"Add_Water_Time_Switch_2","data_type":"bool","position":{"bit_offset":6,"len":1,"unit":"bit","byte_offset":0},"type":"status_writable","id":6,"desc":"....."},{"display_name":"\u4e0a\u6c34\u5b9a\u65f63\u5f00\u5173","name":"Add_Water_Time_Switch_3","data_type":"bool","position":{"bit_offset":7,"len":1,"unit":"bit","byte_offset":0},"type":"status_writable","id":7,"desc":"....."},{"display_name":"\u6e29\u63a7\u4e0a\u6c34\u5f00\u5173","name":"Add_Water_Temp_Switch","data_type":"bool","position":{"bit_offset":8,"len":1,"unit":"bit","byte_offset":0},"type":"status_writable","id":8,"desc":"....."},{"display_name":"\u4e0a\u6c34\u4fdd\u62a4\u8bbe\u7f6e\u5f00\u5173","name":"Protect_W_LTime_Switch","data_type":"bool","position":{"bit_offset":9,"len":1,"unit":"bit","byte_offset":0},"type":"status_writable","id":9,"desc":"....."},{"display_name":"\u5b9a\u65f6\u52a0\u70ed1\u5f00\u5173","name":"Heat_Time_Switch_1","data_type":"bool","position":{"bit_offset":10,"len":1,"unit":"bit","byte_offset":0},"type":"status_writable","id":10,"desc":"....."},{"display_name":"\u5b9a\u65f6\u52a0\u70ed2\u5f00\u5173","name":"Heat_Time_Switch_2","data_type":"bool","position":{"bit_offset":11,"len":1,"unit":"bit","byte_offset":0},"type":"status_writable","id":11,"desc":"....."},{"display_name":"\u5b9a\u65f6\u52a0\u70ed3\u5f00\u5173","name":"Heat_Time_Switch_3","data_type":"bool","position":{"bit_offset":12,"len":1,"unit":"bit","byte_offset":0},"type":"status_writable","id":12,"desc":"....."},{"display_name":"\u89e3\u51bb\u8bbe\u7f6e\u5f00\u5173","name":"Unfreeze_Set_Switch","data_type":"bool","position":{"bit_offset":13,"len":1,"unit":"bit","byte_offset":0},"type":"status_writable","id":13,"desc":"....."},{"display_name":"\u901a\u7528\u8bbe\u7f6e-\u591a\u529f\u80fd\u7aef\u53e3\u8f93\u51fa","name":"General_Set_Chanel","data_type":"bool","position":{"bit_offset":14,"len":1,"unit":"bit","byte_offset":0},"type":"status_writable","id":14,"desc":"....."},{"display_name":"\u901a\u7528\u8bbe\u7f6e-\u4f4e\u529f\u8017","name":"General_Set_Low_Power","data_type":"bool","position":{"bit_offset":15,"len":1,"unit":"bit","byte_offset":0},"type":"status_writable","id":15,"desc":"....."},{"display_name":"\u901a\u7528\u8bbe\u7f6e-\u590d\u4f4d","name":"General_Set_Reset","data_type":"bool","position":{"bit_offset":16,"len":1,"unit":"bit","byte_offset":0},"type":"status_writable","id":16,"desc":"....."},{"display_name":"\u6545\u969c\u64cd\u4f5c","name":"Fault_Handle","data_type":"bool","position":{"bit_offset":17,"len":1,"unit":"bit","byte_offset":0},"type":"status_writable","id":17,"desc":"....."},{"display_name":"\u901a\u7528\u6a21\u5f0f","name":"Mode_General","data_type":"enum","enum":["\u667a\u80fd\u6a21\u5f0f","\u8282\u80fd\u6a21\u5f0f","\u624b\u52a8\u6a21\u5f0f","\u5b9a\u65f6\u6a21\u5f0f"],"position":{"bit_offset":18,"len":2,"unit":"bit","byte_offset":0},"type":"status_writable","id":18,"desc":"....."},{"display_name":"\u4e0a\u6c34\u5b9a\u65f61\u6c34\u91cf","name":"Mode_Add_Water_Time_1","data_type":"enum","enum":["\u6c34\u4f4d2","\u6c34\u4f4d3","\u6c34\u4f4d4"],"position":{"bit_offset":20,"len":2,"unit":"bit","byte_offset":0},"type":"status_writable","id":19,"desc":"....."},{"display_name":"\u4e0a\u6c34\u5b9a\u65f62\u6c34\u91cf","name":"Mode_Add_Water_Time_2","data_type":"enum","enum":["\u6c34\u4f4d2","\u6c34\u4f4d3","\u6c34\u4f4d4"],"position":{"bit_offset":22,"len":2,"unit":"bit","byte_offset":0},"type":"status_writable","id":20,"desc":"....."},{"display_name":"\u4e0a\u6c34\u5b9a\u65f63\u6c34\u91cf","name":"Mode_Add_Water_Time_3","data_type":"enum","enum":["\u6c34\u4f4d2","\u6c34\u4f4d3","\u6c34\u4f4d4"],"position":{"bit_offset":24,"len":2,"unit":"bit","byte_offset":0},"type":"status_writable","id":21,"desc":"....."},{"display_name":"\u6c34\u4f4d\u7075\u654f\u5ea6","name":"Sen_W_L","data_type":"enum","enum":["\u7075\u654f\u5ea61","\u7075\u654f\u5ea62","\u7075\u654f\u5ea63"],"position":{"bit_offset":26,"len":2,"unit":"bit","byte_offset":0},"type":"status_writable","id":22,"desc":"....."},{"display_name":"\u6c34\u4f4d\u8bbe\u7f6e","name":"W_L","data_type":"enum","enum":["\u6c34\u4f4d2","\u6c34\u4f4d3","\u6c34\u4f4d4"],"position":{"bit_offset":28,"len":2,"unit":"bit","byte_offset":0},"type":"status_writable","id":23,"desc":"....."},{"display_name":"\u6e29\u63a7\u4e0a\u6c34\u6e29\u5ea6\u8bbe\u7f6e","name":"Add_Water_Temp","data_type":"uint8","position":{"bit_offset":0,"len":1,"unit":"byte","byte_offset":4},"uint_spec":{"addition":55,"max":40,"ratio":1,"min":0},"type":"status_writable","id":24,"desc":"....."},{"display_name":"\u4e0a\u6c34\u4fdd\u62a4\u65f6\u95f4\u8bbe\u7f6e","name":"Protect_W_L_Time","data_type":"uint8","position":{"bit_offset":0,"len":1,"unit":"byte","byte_offset":5},"uint_spec":{"addition":10,"max":80,"ratio":1,"min":0},"type":"status_writable","id":25,"desc":"....."},{"display_name":"\u4e0a\u6c34\u5ef6\u65f6\u5173\u95ed\u8bbe\u5907","name":"Add_W_Delay","data_type":"uint8","position":{"bit_offset":0,"len":1,"unit":"byte","byte_offset":6},"uint_spec":{"addition":5,"max":25,"ratio":1,"min":0},"type":"status_writable","id":26,"desc":"....."},{"display_name":"\u5b9a\u65f6\u52a0\u70ed1\u6e29\u5ea6\u8bbe\u7f6e","name":"Heat_Time_Temp_1","data_type":"uint8","position":{"bit_offset":0,"len":1,"unit":"byte","byte_offset":7},"uint_spec":{"addition":30,"max":35,"ratio":1,"min":0},"type":"status_writable","id":27,"desc":"....."},{"display_name":"\u5b9a\u65f6\u52a0\u70ed2\u6e29\u5ea6\u8bbe\u7f6e","name":"Heat_Time_Temp_2","data_type":"uint8","position":{"bit_offset":0,"len":1,"unit":"byte","byte_offset":8},"uint_spec":{"addition":30,"max":35,"ratio":1,"min":0},"type":"status_writable","id":28,"desc":"....."},{"display_name":"\u5b9a\u65f6\u52a0\u70ed3\u6e29\u5ea6\u8bbe\u7f6e","name":"Heat_Time_Temp_3","data_type":"uint8","position":{"bit_offset":0,"len":1,"unit":"byte","byte_offset":9},"uint_spec":{"addition":30,"max":35,"ratio":1,"min":0},"type":"status_writable","id":29,"desc":"....."},{"display_name":"\u89e3\u51bb\u8bbe\u7f6e","name":"Unfreeze_Set","data_type":"uint8","position":{"bit_offset":0,"len":1,"unit":"byte","byte_offset":10},"uint_spec":{"addition":10,"max":50,"ratio":1,"min":0},"type":"status_writable","id":30,"desc":"....."},{"display_name":"\u6e29\u5ea6\u8bbe\u7f6e","name":"Heat_temp","data_type":"uint8","position":{"bit_offset":0,"len":1,"unit":"byte","byte_offset":11},"uint_spec":{"addition":30,"max":35,"ratio":1,"min":0},"type":"status_writable","id":31,"desc":"....."},{"display_name":"\u4e0a\u6c34\u5b9a\u65f6_1","name":"Add_Water_Time_1","data_type":"uint16","position":{"bit_offset":0,"len":2,"unit":"byte","byte_offset":12},"uint_spec":{"addition":0,"max":5943,"ratio":1,"min":0},"type":"status_writable","id":32,"desc":"....."},{"display_name":"\u4e0a\u6c34\u5b9a\u65f6_2","name":"Add_Water_Time_2","data_type":"uint16","position":{"bit_offset":0,"len":2,"unit":"byte","byte_offset":14},"uint_spec":{"addition":0,"max":5943,"ratio":1,"min":0},"type":"status_writable","id":33,"desc":"....."},{"display_name":"\u4e0a\u6c34\u5b9a\u65f6_3","name":"Add_Water_Time_3","data_type":"uint16","position":{"bit_offset":0,"len":2,"unit":"byte","byte_offset":16},"uint_spec":{"addition":0,"max":5943,"ratio":1,"min":0},"type":"status_writable","id":34,"desc":"....."},{"display_name":"\u5b9a\u65f6\u52a0\u70ed1\u65f6\u95f4\u8bbe\u7f6e","name":"Heat_Time_1","data_type":"uint16","position":{"bit_offset":0,"len":2,"unit":"byte","byte_offset":18},"uint_spec":{"addition":0,"max":5943,"ratio":1,"min":0},"type":"status_writable","id":35,"desc":"....."},{"display_name":"\u5b9a\u65f6\u52a0\u70ed2\u65f6\u95f4\u8bbe\u7f6e","name":"Heat_Time_2","data_type":"uint16","position":{"bit_offset":0,"len":2,"unit":"byte","byte_offset":20},"uint_spec":{"addition":0,"max":5943,"ratio":1,"min":0},"type":"status_writable","id":36,"desc":"....."},{"display_name":"\u5b9a\u65f6\u52a0\u70ed3\u65f6\u95f4\u8bbe\u7f6e","name":"Heat_Time_3","data_type":"uint16","position":{"bit_offset":0,"len":2,"unit":"byte","byte_offset":22},"uint_spec":{"addition":0,"max":5943,"ratio":1,"min":0},"type":"status_writable","id":37,"desc":"....."},{"display_name":"\u5f53\u524d\u70ed\u6c34\u91cf","name":"WL","data_type":"enum","enum":["\u6c34\u4f4d0","\u6c34\u4f4d1","\u6c34\u4f4d2","\u6c34\u4f4d3","\u6c34\u4f4d4"],"position":{"bit_offset":0,"len":3,"unit":"bit","byte_offset":24},"type":"status_readonly","id":38,"desc":"....."},{"display_name":"\u5f53\u524d\u6c34\u6e29","name":"Temp","data_type":"uint8","position":{"bit_offset":0,"len":1,"unit":"byte","byte_offset":25},"uint_spec":{"addition":0,"max":99,"ratio":1,"min":0},"type":"status_readonly","id":39,"desc":"....."},{"display_name":"\u5ba4\u5185\u6e29\u5ea6","name":"Temp_Indoor","data_type":"uint8","position":{"bit_offset":0,"len":1,"unit":"byte","byte_offset":26},"uint_spec":{"addition":-30,"max":129,"ratio":1,"min":30},"type":"status_readonly","id":40,"desc":"....."},{"display_name":"\u6c34\u4f4d\u4f20\u611f\u5668\u6545\u969c","name":"WL_Sensor_Falut","data_type":"bool","position":{"bit_offset":0,"len":1,"unit":"bit","byte_offset":27},"type":"fault","id":41,"desc":"....."},{"display_name":"\u6c34\u6e29\u4f20\u611f\u5668\u6545\u969c","name":"W_Temp_Sensor_Falut","data_type":"bool","position":{"bit_offset":1,"len":1,"unit":"bit","byte_offset":27},"type":"fault","id":42,"desc":"....."},{"display_name":"\u5ba4\u6e29\u4f20\u611f\u5668\u6545\u969c","name":"Room_Temp_Sensor_Falut","data_type":"bool","position":{"bit_offset":2,"len":1,"unit":"bit","byte_offset":27},"type":"fault","id":43,"desc":"....."},{"display_name":"\u7ba1\u9053\u6e29\u5ea6\u4f20\u611f\u5668\u6545\u969c","name":"Pipe_Temp_Sensor_Falut","data_type":"bool","position":{"bit_offset":3,"len":1,"unit":"bit","byte_offset":27},"type":"fault","id":44,"desc":"....."},{"display_name":"\u6f0f\u7535\u6545\u969c","name":"Leakage_Falut","data_type":"bool","position":{"bit_offset":4,"len":1,"unit":"bit","byte_offset":27},"type":"fault","id":45,"desc":"....."},{"display_name":"\u52a0\u70ed\u8fc7\u8f7d\u6545\u969c","name":"Heat_Overload_Falut","data_type":"bool","position":{"bit_offset":5,"len":1,"unit":"bit","byte_offset":27},"type":"fault","id":46,"desc":"....."},{"display_name":"\u4f4e\u6c34\u538b\u4fdd\u62a4\uff08\u4e0a\u6c34\u4fdd\u62a4\uff09","name":"Low_water_pressure","data_type":"bool","position":{"bit_offset":6,"len":1,"unit":"bit","byte_offset":27},"type":"fault","id":47,"desc":"....."}],"name":"entity0"}],"protocolType":"standard","product_key":"464a98cc2f84484ba1b27f4018da4eb5","packetVersion":"0x00000004","ui":{"object":{"version":4,"showEditButton":false},"sections":[{"elements":[{"boolValue":false,"object":{"action":"entity0","bind":["entity0.Mode_Constant_Temp"],"perm":"W"},"type":"QBooleanElement","key":"entity0.Mode_Constant_Temp","title":"\u6052\u6e29\u6a21\u5f0f"},{"boolValue":false,"object":{"action":"entity0","bind":["entity0.Mode_Constant_W_L"],"perm":"W"},"type":"QBooleanElement","key":"entity0.Mode_Constant_W_L","title":"\u6052\u6c34\u4f4d\u6a21\u5f0f"},{"boolValue":false,"object":{"action":"entity0","bind":["entity0.Heating_Switch"],"perm":"W"},"type":"QBooleanElement","key":"entity0.Heating_Switch","title":"\u52a0\u70ed\u5f00\u5173"},{"boolValue":false,"object":{"action":"entity0","bind":["entity0.Add_Water_Switch"],"perm":"W"},"type":"QBooleanElement","key":"entity0.Add_Water_Switch","title":"\u4e0a\u6c34\u5f00\u5173"},{"boolValue":false,"object":{"action":"entity0","bind":["entity0.Unfreeze_Switch"],"perm":"W"},"type":"QBooleanElement","key":"entity0.Unfreeze_Switch","title":"\u89e3\u51bb\u5f00\u5173"},{"boolValue":false,"object":{"action":"entity0","bind":["entity0.Add_Water_Time_Switch_1"],"perm":"W"},"type":"QBooleanElement","key":"entity0.Add_Water_Time_Switch_1","title":"\u4e0a\u6c34\u5b9a\u65f61\u5f00\u5173"},{"boolValue":false,"object":{"action":"entity0","bind":["entity0.Add_Water_Time_Switch_2"],"perm":"W"},"type":"QBooleanElement","key":"entity0.Add_Water_Time_Switch_2","title":"\u4e0a\u6c34\u5b9a\u65f62\u5f00\u5173"},{"boolValue":false,"object":{"action":"entity0","bind":["entity0.Add_Water_Time_Switch_3"],"perm":"W"},"type":"QBooleanElement","key":"entity0.Add_Water_Time_Switch_3","title":"\u4e0a\u6c34\u5b9a\u65f63\u5f00\u5173"},{"boolValue":false,"object":{"action":"entity0","bind":["entity0.Add_Water_Temp_Switch"],"perm":"W"},"type":"QBooleanElement","key":"entity0.Add_Water_Temp_Switch","title":"\u6e29\u63a7\u4e0a\u6c34\u5f00\u5173"},{"boolValue":false,"object":{"action":"entity0","bind":["entity0.Protect_W_LTime_Switch"],"perm":"W"},"type":"QBooleanElement","key":"entity0.Protect_W_LTime_Switch","title":"\u4e0a\u6c34\u4fdd\u62a4\u8bbe\u7f6e\u5f00\u5173"},{"boolValue":false,"object":{"action":"entity0","bind":["entity0.Heat_Time_Switch_1"],"perm":"W"},"type":"QBooleanElement","key":"entity0.Heat_Time_Switch_1","title":"\u5b9a\u65f6\u52a0\u70ed1\u5f00\u5173"},{"boolValue":false,"object":{"action":"entity0","bind":["entity0.Heat_Time_Switch_2"],"perm":"W"},"type":"QBooleanElement","key":"entity0.Heat_Time_Switch_2","title":"\u5b9a\u65f6\u52a0\u70ed2\u5f00\u5173"},{"boolValue":false,"object":{"action":"entity0","bind":["entity0.Heat_Time_Switch_3"],"perm":"W"},"type":"QBooleanElement","key":"entity0.Heat_Time_Switch_3","title":"\u5b9a\u65f6\u52a0\u70ed3\u5f00\u5173"},{"boolValue":false,"object":{"action":"entity0","bind":["entity0.Unfreeze_Set_Switch"],"perm":"W"},"type":"QBooleanElement","key":"entity0.Unfreeze_Set_Switch","title":"\u89e3\u51bb\u8bbe\u7f6e\u5f00\u5173"},{"boolValue":false,"object":{"action":"entity0","bind":["entity0.General_Set_Chanel"],"perm":"W"},"type":"QBooleanElement","key":"entity0.General_Set_Chanel","title":"\u901a\u7528\u8bbe\u7f6e-\u591a\u529f\u80fd\u7aef\u53e3\u8f93\u51fa"},{"boolValue":false,"object":{"action":"entity0","bind":["entity0.General_Set_Low_Power"],"perm":"W"},"type":"QBooleanElement","key":"entity0.General_Set_Low_Power","title":"\u901a\u7528\u8bbe\u7f6e-\u4f4e\u529f\u8017"},{"boolValue":false,"object":{"action":"entity0","bind":["entity0.General_Set_Reset"],"perm":"W"},"type":"QBooleanElement","key":"entity0.General_Set_Reset","title":"\u901a\u7528\u8bbe\u7f6e-\u590d\u4f4d"},{"boolValue":false,"object":{"action":"entity0","bind":["entity0.Fault_Handle"],"perm":"W"},"type":"QBooleanElement","key":"entity0.Fault_Handle","title":"\u6545\u969c\u64cd\u4f5c"},{"items":["\u667a\u80fd\u6a21\u5f0f","\u8282\u80fd\u6a21\u5f0f","\u624b\u52a8\u6a21\u5f0f","\u5b9a\u65f6\u6a21\u5f0f"],"object":{"action":"entity0","bind":["entity0.Mode_General"],"perm":"W"},"type":"QRadioElement","key":"entity0.Mode_General","title":"\u901a\u7528\u6a21\u5f0f"},{"items":["\u6c34\u4f4d2","\u6c34\u4f4d3","\u6c34\u4f4d4"],"object":{"action":"entity0","bind":["entity0.Mode_Add_Water_Time_1"],"perm":"W"},"type":"QRadioElement","key":"entity0.Mode_Add_Water_Time_1","title":"\u4e0a\u6c34\u5b9a\u65f61\u6c34\u91cf"},{"items":["\u6c34\u4f4d2","\u6c34\u4f4d3","\u6c34\u4f4d4"],"object":{"action":"entity0","bind":["entity0.Mode_Add_Water_Time_2"],"perm":"W"},"type":"QRadioElement","key":"entity0.Mode_Add_Water_Time_2","title":"\u4e0a\u6c34\u5b9a\u65f62\u6c34\u91cf"},{"items":["\u6c34\u4f4d2","\u6c34\u4f4d3","\u6c34\u4f4d4"],"object":{"action":"entity0","bind":["entity0.Mode_Add_Water_Time_3"],"perm":"W"},"type":"QRadioElement","key":"entity0.Mode_Add_Water_Time_3","title":"\u4e0a\u6c34\u5b9a\u65f63\u6c34\u91cf"},{"items":["\u7075\u654f\u5ea61","\u7075\u654f\u5ea62","\u7075\u654f\u5ea63"],"object":{"action":"entity0","bind":["entity0.Sen_W_L"],"perm":"W"},"type":"QRadioElement","key":"entity0.Sen_W_L","title":"\u6c34\u4f4d\u7075\u654f\u5ea6"},{"items":["\u6c34\u4f4d2","\u6c34\u4f4d3","\u6c34\u4f4d4"],"object":{"action":"entity0","bind":["entity0.W_L"],"perm":"W"},"type":"QRadioElement","key":"entity0.W_L","title":"\u6c34\u4f4d\u8bbe\u7f6e"},{"title":"\u6e29\u63a7\u4e0a\u6c34\u6e29\u5ea6\u8bbe\u7f6e","bind":"floatValue:float","object":{"action":"entity0","bind":["entity0.Add_Water_Temp"],"uint_spec":{"max":95.0,"step":1,"min":55.0},"perm":"W"},"value":0,"key":"entity0.Add_Water_Temp","maximumValue":95.0,"minimumValue":55.0,"type":"QFloatElement"},{"title":"\u4e0a\u6c34\u4fdd\u62a4\u65f6\u95f4\u8bbe\u7f6e","bind":"floatValue:float","object":{"action":"entity0","bind":["entity0.Protect_W_L_Time"],"uint_spec":{"max":90.0,"step":1,"min":10.0},"perm":"W"},"value":0,"key":"entity0.Protect_W_L_Time","maximumValue":90.0,"minimumValue":10.0,"type":"QFloatElement"},{"title":"\u4e0a\u6c34\u5ef6\u65f6\u5173\u95ed\u8bbe\u5907","bind":"floatValue:float","object":{"action":"entity0","bind":["entity0.Add_W_Delay"],"uint_spec":{"max":30.0,"step":1,"min":5.0},"perm":"W"},"value":0,"key":"entity0.Add_W_Delay","maximumValue":30.0,"minimumValue":5.0,"type":"QFloatElement"},{"title":"\u5b9a\u65f6\u52a0\u70ed1\u6e29\u5ea6\u8bbe\u7f6e","bind":"floatValue:float","object":{"action":"entity0","bind":["entity0.Heat_Time_Temp_1"],"uint_spec":{"max":65.0,"step":1,"min":30.0},"perm":"W"},"value":0,"key":"entity0.Heat_Time_Temp_1","maximumValue":65.0,"minimumValue":30.0,"type":"QFloatElement"},{"title":"\u5b9a\u65f6\u52a0\u70ed2\u6e29\u5ea6\u8bbe\u7f6e","bind":"floatValue:float","object":{"action":"entity0","bind":["entity0.Heat_Time_Temp_2"],"uint_spec":{"max":65.0,"step":1,"min":30.0},"perm":"W"},"value":0,"key":"entity0.Heat_Time_Temp_2","maximumValue":65.0,"minimumValue":30.0,"type":"QFloatElement"},{"title":"\u5b9a\u65f6\u52a0\u70ed3\u6e29\u5ea6\u8bbe\u7f6e","bind":"floatValue:float","object":{"action":"entity0","bind":["entity0.Heat_Time_Temp_3"],"uint_spec":{"max":65.0,"step":1,"min":30.0},"perm":"W"},"value":0,"key":"entity0.Heat_Time_Temp_3","maximumValue":65.0,"minimumValue":30.0,"type":"QFloatElement"},{"title":"\u89e3\u51bb\u8bbe\u7f6e","bind":"floatValue:float","object":{"action":"entity0","bind":["entity0.Unfreeze_Set"],"uint_spec":{"max":60.0,"step":1,"min":10.0},"perm":"W"},"value":0,"key":"entity0.Unfreeze_Set","maximumValue":60.0,"minimumValue":10.0,"type":"QFloatElement"},{"title":"\u6e29\u5ea6\u8bbe\u7f6e","bind":"floatValue:float","object":{"action":"entity0","bind":["entity0.Heat_temp"],"uint_spec":{"max":65.0,"step":1,"min":30.0},"perm":"W"},"value":0,"key":"entity0.Heat_temp","maximumValue":65.0,"minimumValue":30.0,"type":"QFloatElement"},{"title":"\u4e0a\u6c34\u5b9a\u65f6_1","bind":"floatValue:float","object":{"action":"entity0","bind":["entity0.Add_Water_Time_1"],"uint_spec":{"max":5943.0,"step":1,"min":0.0},"perm":"W"},"value":0,"key":"entity0.Add_Water_Time_1","maximumValue":5943.0,"minimumValue":0.0,"type":"QFloatElement"},{"title":"\u4e0a\u6c34\u5b9a\u65f6_2","bind":"floatValue:float","object":{"action":"entity0","bind":["entity0.Add_Water_Time_2"],"uint_spec":{"max":5943.0,"step":1,"min":0.0},"perm":"W"},"value":0,"key":"entity0.Add_Water_Time_2","maximumValue":5943.0,"minimumValue":0.0,"type":"QFloatElement"},{"title":"\u4e0a\u6c34\u5b9a\u65f6_3","bind":"floatValue:float","object":{"action":"entity0","bind":["entity0.Add_Water_Time_3"],"uint_spec":{"max":5943.0,"step":1,"min":0.0},"perm":"W"},"value":0,"key":"entity0.Add_Water_Time_3","maximumValue":5943.0,"minimumValue":0.0,"type":"QFloatElement"},{"title":"\u5b9a\u65f6\u52a0\u70ed1\u65f6\u95f4\u8bbe\u7f6e","bind":"floatValue:float","object":{"action":"entity0","bind":["entity0.Heat_Time_1"],"uint_spec":{"max":5943.0,"step":1,"min":0.0},"perm":"W"},"value":0,"key":"entity0.Heat_Time_1","maximumValue":5943.0,"minimumValue":0.0,"type":"QFloatElement"},{"title":"\u5b9a\u65f6\u52a0\u70ed2\u65f6\u95f4\u8bbe\u7f6e","bind":"floatValue:float","object":{"action":"entity0","bind":["entity0.Heat_Time_2"],"uint_spec":{"max":5943.0,"step":1,"min":0.0},"perm":"W"},"value":0,"key":"entity0.Heat_Time_2","maximumValue":5943.0,"minimumValue":0.0,"type":"QFloatElement"},{"title":"\u5b9a\u65f6\u52a0\u70ed3\u65f6\u95f4\u8bbe\u7f6e","bind":"floatValue:float","object":{"action":"entity0","bind":["entity0.Heat_Time_3"],"uint_spec":{"max":5943.0,"step":1,"min":0.0},"perm":"W"},"value":0,"key":"entity0.Heat_Time_3","maximumValue":5943.0,"minimumValue":0.0,"type":"QFloatElement"},{"items":["\u6c34\u4f4d0","\u6c34\u4f4d1","\u6c34\u4f4d2","\u6c34\u4f4d3","\u6c34\u4f4d4"],"object":{"action":"entity0","bind":["entity0.WL"],"perm":"N"},"type":"QRadioElement","key":"entity0.WL","title":"\u5f53\u524d\u70ed\u6c34\u91cf"},{"object":{"action":"entity0","bind":["entity0.Temp"],"uint_spec":{"max":99.0,"step":1,"min":0.0},"perm":"N"},"type":"QLabelElement","key":"entity0.Temp","title":"\u5f53\u524d\u6c34\u6e29"},{"object":{"action":"entity0","bind":["entity0.Temp_Indoor"],"uint_spec":{"max":99.0,"step":1,"min":0.0},"perm":"N"},"type":"QLabelElement","key":"entity0.Temp_Indoor","title":"\u5ba4\u5185\u6e29\u5ea6"}]}]}}