{"name":"wifi\u667a\u80fd\u62a5\u8b66\u63a7\u5236","packetVersion":"0x00000004","protocolType":"standard","product_key":"4fa37d9426094173b366180d5f24f193","entities":[{"display_name":"\u673a\u667a\u4e91\u5f00\u53d1\u5957\u4ef6","attrs":[{"display_name":"Set Host","name":"set_host_data","data_type":"binary","position":{"byte_offset":0,"unit":"byte","len":100,"bit_offset":0},"type":"status_writable","id":0,"desc":"....."},{"display_name":"SOS Alarm","name":"a1arm0","data_type":"bool","position":{"byte_offset":100,"unit":"bit","len":1,"bit_offset":0},"type":"alert","id":1,"desc":"....."},{"display_name":"Sensor Alarm","name":"alarm1","data_type":"bool","position":{"byte_offset":100,"unit":"bit","len":1,"bit_offset":1},"type":"alert","id":2,"desc":"....."},{"display_name":"Power Fault","name":"alarm2","data_type":"bool","position":{"byte_offset":100,"unit":"bit","len":1,"bit_offset":2},"type":"alert","id":3,"desc":"....."},{"display_name":"Power On","name":"alarm3","data_type":"bool","position":{"byte_offset":100,"unit":"bit","len":1,"bit_offset":3},"type":"alert","id":4,"desc":"....."},{"display_name":"Sensor Low","name":"alarm4","data_type":"bool","position":{"byte_offset":100,"unit":"bit","len":1,"bit_offset":4},"type":"alert","id":5,"desc":"....."},{"display_name":"Sensor Fault","name":"alarm5","data_type":"bool","position":{"byte_offset":100,"unit":"bit","len":1,"bit_offset":5},"type":"alert","id":6,"desc":"....."},{"display_name":"alarm6","name":"alarm6","data_type":"bool","position":{"byte_offset":100,"unit":"bit","len":1,"bit_offset":6},"type":"alert","id":7,"desc":"....."},{"display_name":"alarm7","name":"alarm7","data_type":"bool","position":{"byte_offset":100,"unit":"bit","len":1,"bit_offset":7},"type":"alert","id":8,"desc":"....."},{"display_name":"alarm8","name":"alarm8","data_type":"bool","position":{"byte_offset":100,"unit":"bit","len":1,"bit_offset":8},"type":"alert","id":9,"desc":"....."},{"display_name":"alarm9","name":"alarm9","data_type":"bool","position":{"byte_offset":100,"unit":"bit","len":1,"bit_offset":9},"type":"alert","id":10,"desc":"....."},{"display_name":"alarm10","name":"alarm10","data_type":"bool","position":{"byte_offset":100,"unit":"bit","len":1,"bit_offset":10},"type":"alert","id":11,"desc":"....."},{"display_name":"alarm11","name":"alarm11","data_type":"bool","position":{"byte_offset":100,"unit":"bit","len":1,"bit_offset":11},"type":"alert","id":12,"desc":"....."},{"display_name":"alarm12","name":"alarm12","data_type":"bool","position":{"byte_offset":100,"unit":"bit","len":1,"bit_offset":12},"type":"alert","id":13,"desc":"....."},{"display_name":"alarm13","name":"alarm13","data_type":"bool","position":{"byte_offset":100,"unit":"bit","len":1,"bit_offset":13},"type":"alert","id":14,"desc":"....."},{"display_name":"alarm14","name":"alarm14","data_type":"bool","position":{"byte_offset":100,"unit":"bit","len":1,"bit_offset":14},"type":"alert","id":15,"desc":"....."},{"display_name":"alarm15","name":"alarm15","data_type":"bool","position":{"byte_offset":100,"unit":"bit","len":1,"bit_offset":15},"type":"alert","id":16,"desc":"....."},{"display_name":"alarm16","name":"alarm16","data_type":"bool","position":{"byte_offset":100,"unit":"bit","len":1,"bit_offset":16},"type":"alert","id":17,"desc":"....."},{"display_name":"alarm17","name":"alarm17","data_type":"bool","position":{"byte_offset":100,"unit":"bit","len":1,"bit_offset":17},"type":"alert","id":18,"desc":"....."},{"display_name":"alarm18","name":"alarm18","data_type":"bool","position":{"byte_offset":100,"unit":"bit","len":1,"bit_offset":18},"type":"alert","id":19,"desc":"....."},{"display_name":"alarm19","name":"alarm19","data_type":"bool","position":{"byte_offset":100,"unit":"bit","len":1,"bit_offset":19},"type":"alert","id":20,"desc":"....."},{"display_name":"alarm20","name":"alarm20","data_type":"bool","position":{"byte_offset":100,"unit":"bit","len":1,"bit_offset":20},"type":"alert","id":21,"desc":"....."},{"display_name":"alarm21","name":"alarm21","data_type":"bool","position":{"byte_offset":100,"unit":"bit","len":1,"bit_offset":21},"type":"alert","id":22,"desc":"....."},{"display_name":"alarm22","name":"alarm22","data_type":"bool","position":{"byte_offset":100,"unit":"bit","len":1,"bit_offset":22},"type":"alert","id":23,"desc":"....."},{"display_name":"alarm23","name":"alarm23","data_type":"bool","position":{"byte_offset":100,"unit":"bit","len":1,"bit_offset":23},"type":"alert","id":24,"desc":"....."},{"display_name":"alarm24","name":"alarm24","data_type":"bool","position":{"byte_offset":100,"unit":"bit","len":1,"bit_offset":24},"type":"alert","id":25,"desc":"....."},{"display_name":"alarm25","name":"alarm25","data_type":"bool","position":{"byte_offset":100,"unit":"bit","len":1,"bit_offset":25},"type":"alert","id":26,"desc":"....."},{"display_name":"alarm26","name":"alarm26","data_type":"bool","position":{"byte_offset":100,"unit":"bit","len":1,"bit_offset":26},"type":"alert","id":27,"desc":"....."},{"display_name":"alarm27","name":"alarm27","data_type":"bool","position":{"byte_offset":100,"unit":"bit","len":1,"bit_offset":27},"type":"alert","id":28,"desc":"....."},{"display_name":"alarm28","name":"alarm28","data_type":"bool","position":{"byte_offset":100,"unit":"bit","len":1,"bit_offset":28},"type":"alert","id":29,"desc":"....."},{"display_name":"alarm29","name":"alarm29","data_type":"bool","position":{"byte_offset":100,"unit":"bit","len":1,"bit_offset":29},"type":"alert","id":30,"desc":"....."},{"display_name":"alarm30","name":"alarm30","data_type":"bool","position":{"byte_offset":100,"unit":"bit","len":1,"bit_offset":30},"type":"alert","id":31,"desc":"....."},{"display_name":"alarm31","name":"alarm31","data_type":"bool","position":{"byte_offset":100,"unit":"bit","len":1,"bit_offset":31},"type":"alert","id":32,"desc":"....."}],"name":"entity0","id":0}],"ui":{"object":{"version":4,"showEditButton":false},"sections":[{"elements":[{"keyboardType":"NumbersAndPunctuation","title":"Set Host","object":{"action":"entity0","bind":["entity0.set_host_data"],"perm":"W"},"value":0,"key":"entity0.set_host_data","maxLength":200,"type":"QMultilineElement"}]}]}}