{"name":"TCL\u667a\u80fd\u7a7a\u6c14\u7ba1\u5bb6","entities":[{"id":0,"display_name":"\u673a\u667a\u4e91\u5f00\u53d1\u5957\u4ef6","attrs":[{"display_name":"Power","name":"Power","data_type":"bool","position":{"bit_offset":0,"len":1,"unit":"bit","byte_offset":0},"type":"status_writable","id":0,"desc":"....."},{"display_name":"AC_Power","name":"AC_Power","data_type":"bool","position":{"bit_offset":1,"len":1,"unit":"bit","byte_offset":0},"type":"status_writable","id":1,"desc":"....."},{"display_name":"AC_Mode","name":"AC_Mode","data_type":"enum","enum":["\u5173\u95ed","\u81ea\u611f","\u5236\u51b7","\u9664\u6e7f","\u9001\u98ce","\u5236\u70ed"],"position":{"bit_offset":2,"len":3,"unit":"bit","byte_offset":0},"type":"status_writable","id":2,"desc":"....."},{"display_name":"AC_Speed","name":"AC_Speed","data_type":"enum","enum":["\u5173\u95ed","\u81ea\u52a8","\u4f4e\u901f","\u4e2d\u901f","\u9ad8\u901f","\u8d85\u5f3a"],"position":{"bit_offset":5,"len":3,"unit":"bit","byte_offset":0},"type":"status_writable","id":3,"desc":"....."},{"display_name":"AC_Direction","name":"AC_Direction","data_type":"enum","enum":["\u5173\u95ed","\u5de6\u53f3","\u4e0a\u4e0b","\u7acb\u4f53","\u907f\u98ce","\u8fce\u98ce"],"position":{"bit_offset":8,"len":3,"unit":"bit","byte_offset":0},"type":"status_writable","id":4,"desc":"....."},{"display_name":"AC_Temp","name":"AC_Temp","data_type":"uint8","position":{"bit_offset":0,"len":1,"unit":"byte","byte_offset":2},"uint_spec":{"addition":14,"max":18,"ratio":1,"min":0},"type":"status_writable","id":5,"desc":"....."},{"display_name":"humidity","name":"humidity","data_type":"uint8","position":{"bit_offset":0,"len":1,"unit":"byte","byte_offset":3},"uint_spec":{"addition":1,"max":99,"ratio":1,"min":0},"type":"status_readonly","id":6,"desc":"....."},{"display_name":"CO2","name":"CO2","data_type":"uint8","position":{"bit_offset":0,"len":1,"unit":"byte","byte_offset":4},"uint_spec":{"addition":400,"max":160,"ratio":10,"min":0},"type":"status_readonly","id":7,"desc":"....."},{"display_name":"temperature","name":"temperature","data_type":"uint16","position":{"bit_offset":0,"len":2,"unit":"byte","byte_offset":5},"uint_spec":{"addition":-10,"max":600,"ratio":0.1,"min":0},"type":"status_readonly","id":8,"desc":"....."},{"display_name":"PM25","name":"PM25","data_type":"uint16","position":{"bit_offset":0,"len":2,"unit":"byte","byte_offset":7},"uint_spec":{"addition":0,"max":500,"ratio":1,"min":0},"type":"status_readonly","id":9,"desc":"....."},{"display_name":"VOC","name":"VOC","data_type":"uint16","position":{"bit_offset":0,"len":2,"unit":"byte","byte_offset":9},"uint_spec":{"addition":0,"max":300,"ratio":0.01,"min":0},"type":"status_readonly","id":10,"desc":"....."},{"display_name":"methane","name":"methane","data_type":"uint16","position":{"bit_offset":0,"len":2,"unit":"byte","byte_offset":11},"uint_spec":{"addition":0,"max":400,"ratio":0.01,"min":0},"type":"status_readonly","id":11,"desc":"....."}],"name":"entity0"}],"protocolType":"standard","product_key":"5070b2194b1a4b90ac818c643a5cad78","packetVersion":"0x00000004","ui":{"object":{"version":4,"showEditButton":false},"sections":[{"elements":[{"boolValue":false,"object":{"action":"entity0","bind":["entity0.Power"],"perm":"W"},"type":"QBooleanElement","key":"entity0.Power","title":"Power"},{"boolValue":false,"object":{"action":"entity0","bind":["entity0.AC_Power"],"perm":"W"},"type":"QBooleanElement","key":"entity0.AC_Power","title":"AC_Power"},{"items":["\u5173\u95ed","\u81ea\u611f","\u5236\u51b7","\u9664\u6e7f","\u9001\u98ce","\u5236\u70ed"],"object":{"action":"entity0","bind":["entity0.AC_Mode"],"perm":"W"},"type":"QRadioElement","key":"entity0.AC_Mode","title":"AC_Mode"},{"items":["\u5173\u95ed","\u81ea\u52a8","\u4f4e\u901f","\u4e2d\u901f","\u9ad8\u901f","\u8d85\u5f3a"],"object":{"action":"entity0","bind":["entity0.AC_Speed"],"perm":"W"},"type":"QRadioElement","key":"entity0.AC_Speed","title":"AC_Speed"},{"items":["\u5173\u95ed","\u5de6\u53f3","\u4e0a\u4e0b","\u7acb\u4f53","\u907f\u98ce","\u8fce\u98ce"],"object":{"action":"entity0","bind":["entity0.AC_Direction"],"perm":"W"},"type":"QRadioElement","key":"entity0.AC_Direction","title":"AC_Direction"},{"title":"AC_Temp","bind":"floatValue:float","object":{"action":"entity0","bind":["entity0.AC_Temp"],"uint_spec":{"max":32.0,"step":1,"min":14.0},"perm":"W"},"value":0,"key":"entity0.AC_Temp","maximumValue":32.0,"minimumValue":14.0,"type":"QFloatElement"},{"object":{"action":"entity0","bind":["entity0.humidity"],"uint_spec":{"max":100.0,"step":1,"min":1.0},"perm":"N"},"type":"QLabelElement","key":"entity0.humidity","title":"humidity"},{"object":{"action":"entity0","bind":["entity0.CO2"],"uint_spec":{"max":2000.0,"step":10,"min":400.0},"perm":"N"},"type":"QLabelElement","key":"entity0.CO2","title":"CO2"},{"object":{"action":"entity0","bind":["entity0.temperature"],"uint_spec":{"max":50.0,"step":0.1,"min":-10.0},"perm":"N"},"type":"QLabelElement","key":"entity0.temperature","title":"temperature"},{"object":{"action":"entity0","bind":["entity0.PM25"],"uint_spec":{"max":500.0,"step":1,"min":0.0},"perm":"N"},"type":"QLabelElement","key":"entity0.PM25","title":"PM25"},{"object":{"action":"entity0","bind":["entity0.VOC"],"uint_spec":{"max":3.0,"step":0.01,"min":0.0},"perm":"N"},"type":"QLabelElement","key":"entity0.VOC","title":"VOC"},{"object":{"action":"entity0","bind":["entity0.methane"],"uint_spec":{"max":4.0,"step":0.01,"min":0.0},"perm":"N"},"type":"QLabelElement","key":"entity0.methane","title":"methane"}]}]}}