{"name":"\u7a7a\u8c03","packetVersion":"0x00000004","protocolType":"standard","product_key":"60189a1f4e7d46b6b998a0e1b748cb86","entities":[{"display_name":"\u673a\u667a\u4e91\u5f00\u53d1\u5957\u4ef6","attrs":[{"display_name":"dp0","name":"dp0","data_type":"binary","position":{"byte_offset":0,"unit":"byte","len":10,"bit_offset":0},"type":"status_writable","id":0,"desc":"....."}],"name":"entity0","id":0}],"ui":{"object":{"version":4,"showEditButton":false},"sections":[{"elements":[{"keyboardType":"NumbersAndPunctuation","title":"dp0","object":{"action":"entity0","bind":["entity0.dp0"],"perm":"W"},"value":0,"key":"entity0.dp0","maxLength":20,"type":"QMultilineElement"}]}]}}