{"name":"新科家用空调","packetVersion":"0x00000004","protocolType":"standard","product_key":"6ce5aecb0f54464fac63119f9e5b971d","entities":[{"display_name":"机智云开发套件","id":0,"name":"entity0","attrs":[{"display_name":"开关","name":"switch","data_type":"bool","position":{"byte_offset":0,"unit":"bit","len":1,"bit_offset":0},"type":"status_writable","id":0,"desc":"....."},{"display_name":"数显","name":"display","data_type":"bool","position":{"byte_offset":0,"unit":"bit","len":1,"bit_offset":1},"type":"status_writable","id":1,"desc":"....."},{"display_name":"电加热","name":"elect_heat","data_type":"bool","position":{"byte_offset":0,"unit":"bit","len":1,"bit_offset":2},"type":"status_writable","id":2,"desc":"....."},{"display_name":"ECO","name":"eco","data_type":"bool","position":{"byte_offset":0,"unit":"bit","len":1,"bit_offset":3},"type":"status_writable","id":3,"desc":"....."},{"display_name":"强力","name":"all_power","data_type":"bool","position":{"byte_offset":0,"unit":"bit","len":1,"bit_offset":4},"type":"status_writable","id":4,"desc":"....."},{"display_name":"童锁","name":"lock","data_type":"bool","position":{"byte_offset":0,"unit":"bit","len":1,"bit_offset":5},"type":"status_writable","id":5,"desc":"....."},{"display_name":"睡眠","name":"sleep","data_type":"bool","position":{"byte_offset":0,"unit":"bit","len":1,"bit_offset":6},"type":"status_writable","id":6,"desc":"....."},{"display_name":"健康","name":"health","data_type":"bool","position":{"byte_offset":0,"unit":"bit","len":1,"bit_offset":7},"type":"status_writable","id":7,"desc":"....."},{"display_name":"掉电记忆","name":"remember","data_type":"bool","position":{"byte_offset":0,"unit":"bit","len":1,"bit_offset":8},"type":"status_writable","id":8,"desc":"....."},{"display_name":"自动清洁","name":"auto_clean","data_type":"bool","position":{"byte_offset":0,"unit":"bit","len":1,"bit_offset":9},"type":"status_writable","id":9,"desc":"....."},{"display_name":"超静音","name":"peaceful","data_type":"bool","position":{"byte_offset":0,"unit":"bit","len":1,"bit_offset":10},"type":"status_writable","id":10,"desc":"....."},{"display_name":"自动换气","name":"auto_aeration","data_type":"bool","position":{"byte_offset":0,"unit":"bit","len":1,"bit_offset":11},"type":"status_writable","id":11,"desc":"....."},{"display_name":"连续换气","name":"aeration","data_type":"bool","position":{"byte_offset":0,"unit":"bit","len":1,"bit_offset":12},"type":"status_writable","id":12,"desc":"....."},{"display_name":"温度单位","name":"temp_unit","data_type":"bool","position":{"byte_offset":0,"unit":"bit","len":1,"bit_offset":13},"type":"status_writable","id":13,"desc":"....."},{"display_name":"遥控器温度有效","name":"tr_enable","data_type":"bool","position":{"byte_offset":0,"unit":"bit","len":1,"bit_offset":14},"type":"status_writable","id":14,"desc":"....."},{"display_name":"filter","name":"filter","data_type":"bool","position":{"byte_offset":0,"unit":"bit","len":1,"bit_offset":15},"type":"status_writable","id":15,"desc":"....."},{"display_name":"dust_remain","name":"dust_remain","data_type":"bool","position":{"byte_offset":0,"unit":"bit","len":1,"bit_offset":16},"type":"status_writable","id":16,"desc":"....."},{"display_name":"ClrDustRemainTm","name":"ClrDustRemainTm","data_type":"bool","position":{"byte_offset":0,"unit":"bit","len":1,"bit_offset":17},"type":"status_writable","id":17,"desc":"....."},{"display_name":"模式","name":"mode","data_type":"enum","enum":["待机","自动","制冷","除湿","送风","制热"],"position":{"byte_offset":0,"unit":"bit","len":3,"bit_offset":18},"type":"status_writable","id":18,"desc":"....."},{"display_name":"风速","name":"fan_speed","data_type":"enum","enum":["停","低风","中风","高风","自动风"],"position":{"byte_offset":0,"unit":"bit","len":3,"bit_offset":21},"type":"status_writable","id":19,"desc":"....."},{"display_name":"智慧眼","name":"eye_mode","data_type":"enum","enum":["感人关闭","风跟随人模式","风避开人模式"],"position":{"byte_offset":0,"unit":"bit","len":2,"bit_offset":24},"type":"status_writable","id":20,"desc":"....."},{"display_name":"设置温度","name":"set_temp","data_type":"uint8","position":{"byte_offset":4,"unit":"byte","len":1,"bit_offset":0},"uint_spec":{"addition":16,"max":28,"ratio":0.5,"min":0},"type":"status_writable","id":21,"desc":"....."},{"display_name":"左右摆风","name":"left_right_swing","data_type":"uint8","position":{"byte_offset":5,"unit":"byte","len":1,"bit_offset":0},"uint_spec":{"addition":0,"max":255,"ratio":1,"min":0},"type":"status_writable","id":22,"desc":"....."},{"display_name":"上下风摆","name":"up_down_swing","data_type":"uint8","position":{"byte_offset":6,"unit":"byte","len":1,"bit_offset":0},"uint_spec":{"addition":0,"max":255,"ratio":1,"min":0},"type":"status_writable","id":23,"desc":"....."},{"display_name":"WirelessTest","name":"WirelessTest","data_type":"uint8","position":{"byte_offset":7,"unit":"byte","len":1,"bit_offset":0},"uint_spec":{"addition":0,"max":255,"ratio":1,"min":0},"type":"status_writable","id":24,"desc":"....."},{"display_name":"定时开机倒计时","name":"on_timing","data_type":"binary","position":{"byte_offset":8,"unit":"byte","len":2,"bit_offset":0},"type":"status_writable","id":25,"desc":"....."},{"display_name":"定时关机倒计时","name":"off_timing","data_type":"binary","position":{"byte_offset":10,"unit":"byte","len":2,"bit_offset":0},"type":"status_writable","id":26,"desc":"....."},{"display_name":"DustRemainRuningFlag","name":"DustRemainRuningFlag","data_type":"bool","position":{"byte_offset":12,"unit":"bit","len":1,"bit_offset":0},"type":"status_readonly","id":27,"desc":"....."},{"display_name":"室内温度","name":"room_temp","data_type":"binary","position":{"byte_offset":13,"unit":"byte","len":2,"bit_offset":0},"type":"status_readonly","id":28,"desc":"....."},{"display_name":"故障代码","name":"error_code","data_type":"uint8","position":{"byte_offset":15,"unit":"byte","len":1,"bit_offset":0},"uint_spec":{"addition":0,"max":255,"ratio":1,"min":0},"type":"fault","id":29,"desc":"....."}]}],"ui":{"object":{"version":4,"showEditButton":false},"sections":[{"elements":[{"boolValue":false,"object":{"action":"entity0","bind":["entity0.switch"],"perm":"W"},"type":"QBooleanElement","key":"entity0.switch","title":"开关"},{"boolValue":false,"object":{"action":"entity0","bind":["entity0.display"],"perm":"W"},"type":"QBooleanElement","key":"entity0.display","title":"数显"},{"boolValue":false,"object":{"action":"entity0","bind":["entity0.elect_heat"],"perm":"W"},"type":"QBooleanElement","key":"entity0.elect_heat","title":"电加热"},{"boolValue":false,"object":{"action":"entity0","bind":["entity0.eco"],"perm":"W"},"type":"QBooleanElement","key":"entity0.eco","title":"ECO"},{"boolValue":false,"object":{"action":"entity0","bind":["entity0.all_power"],"perm":"W"},"type":"QBooleanElement","key":"entity0.all_power","title":"强力"},{"boolValue":false,"object":{"action":"entity0","bind":["entity0.lock"],"perm":"W"},"type":"QBooleanElement","key":"entity0.lock","title":"童锁"},{"boolValue":false,"object":{"action":"entity0","bind":["entity0.sleep"],"perm":"W"},"type":"QBooleanElement","key":"entity0.sleep","title":"睡眠"},{"boolValue":false,"object":{"action":"entity0","bind":["entity0.health"],"perm":"W"},"type":"QBooleanElement","key":"entity0.health","title":"健康"},{"boolValue":false,"object":{"action":"entity0","bind":["entity0.remember"],"perm":"W"},"type":"QBooleanElement","key":"entity0.remember","title":"掉电记忆"},{"boolValue":false,"object":{"action":"entity0","bind":["entity0.auto_clean"],"perm":"W"},"type":"QBooleanElement","key":"entity0.auto_clean","title":"自动清洁"},{"boolValue":false,"object":{"action":"entity0","bind":["entity0.peaceful"],"perm":"W"},"type":"QBooleanElement","key":"entity0.peaceful","title":"超静音"},{"boolValue":false,"object":{"action":"entity0","bind":["entity0.auto_aeration"],"perm":"W"},"type":"QBooleanElement","key":"entity0.auto_aeration","title":"自动换气"},{"boolValue":false,"object":{"action":"entity0","bind":["entity0.aeration"],"perm":"W"},"type":"QBooleanElement","key":"entity0.aeration","title":"连续换气"},{"boolValue":false,"object":{"action":"entity0","bind":["entity0.temp_unit"],"perm":"W"},"type":"QBooleanElement","key":"entity0.temp_unit","title":"温度单位"},{"boolValue":false,"object":{"action":"entity0","bind":["entity0.tr_enable"],"perm":"W"},"type":"QBooleanElement","key":"entity0.tr_enable","title":"遥控器温度有效"},{"boolValue":false,"object":{"action":"entity0","bind":["entity0.filter"],"perm":"W"},"type":"QBooleanElement","key":"entity0.filter","title":"filter"},{"boolValue":false,"object":{"action":"entity0","bind":["entity0.dust_remain"],"perm":"W"},"type":"QBooleanElement","key":"entity0.dust_remain","title":"dust_remain"},{"boolValue":false,"object":{"action":"entity0","bind":["entity0.ClrDustRemainTm"],"perm":"W"},"type":"QBooleanElement","key":"entity0.ClrDustRemainTm","title":"ClrDustRemainTm"},{"items":["待机","自动","制冷","除湿","送风","制热"],"object":{"action":"entity0","bind":["entity0.mode"],"perm":"W"},"type":"QRadioElement","key":"entity0.mode","title":"模式"},{"items":["停","低风","中风","高风","自动风"],"object":{"action":"entity0","bind":["entity0.fan_speed"],"perm":"W"},"type":"QRadioElement","key":"entity0.fan_speed","title":"风速"},{"items":["感人关闭","风跟随人模式","风避开人模式"],"object":{"action":"entity0","bind":["entity0.eye_mode"],"perm":"W"},"type":"QRadioElement","key":"entity0.eye_mode","title":"智慧眼"},{"title":"设置温度","bind":"floatValue:float","object":{"action":"entity0","bind":["entity0.set_temp"],"uint_spec":{"max":30.0,"step":0.5,"min":16.0},"perm":"W"},"value":0,"key":"entity0.set_temp","maximumValue":30.0,"minimumValue":16.0,"type":"QFloatElement"},{"title":"左右摆风","bind":"floatValue:float","object":{"action":"entity0","bind":["entity0.left_right_swing"],"uint_spec":{"max":255.0,"step":1,"min":0.0},"perm":"W"},"value":0,"key":"entity0.left_right_swing","maximumValue":255.0,"minimumValue":0.0,"type":"QFloatElement"},{"title":"上下风摆","bind":"floatValue:float","object":{"action":"entity0","bind":["entity0.up_down_swing"],"uint_spec":{"max":255.0,"step":1,"min":0.0},"perm":"W"},"value":0,"key":"entity0.up_down_swing","maximumValue":255.0,"minimumValue":0.0,"type":"QFloatElement"},{"title":"WirelessTest","bind":"floatValue:float","object":{"action":"entity0","bind":["entity0.WirelessTest"],"uint_spec":{"max":255.0,"step":1,"min":0.0},"perm":"W"},"value":0,"key":"entity0.WirelessTest","maximumValue":255.0,"minimumValue":0.0,"type":"QFloatElement"},{"keyboardType":"NumbersAndPunctuation","title":"定时开机倒计时","object":{"action":"entity0","bind":["entity0.on_timing"],"perm":"W"},"value":0,"key":"entity0.on_timing","maxLength":4,"type":"QMultilineElement"},{"keyboardType":"NumbersAndPunctuation","title":"定时关机倒计时","object":{"action":"entity0","bind":["entity0.off_timing"],"perm":"W"},"value":0,"key":"entity0.off_timing","maxLength":4,"type":"QMultilineElement"},{"boolValue":false,"object":{"action":"entity0","bind":["entity0.DustRemainRuningFlag"],"perm":"N"},"type":"QBooleanElement","key":"entity0.DustRemainRuningFlag","title":"DustRemainRuningFlag"},{"keyboardType":"NumbersAndPunctuation","title":"室内温度","object":{"action":"entity0","bind":["entity0.room_temp"],"perm":"N"},"value":0,"key":"entity0.room_temp","maxLength":4,"type":"QMultilineElement"}]}]}}