{"name":"\u667a\u70ab\uff0b","entities":[{"id":0,"display_name":"\u673a\u667a\u4e91\u5f00\u53d1\u5957\u4ef6","attrs":[{"display_name":"\u7535\u6e90\u5f00\u5173","name":"Switch","data_type":"bool","position":{"bit_offset":0,"len":1,"unit":"bit","byte_offset":0},"type":"status_writable","id":0,"desc":"....."},{"display_name":"\u51b2\u6d17","name":"Wash","data_type":"bool","position":{"bit_offset":1,"len":1,"unit":"bit","byte_offset":0},"type":"status_writable","id":1,"desc":"....."},{"display_name":"\u7ae5\u9501","name":"Child_Lock","data_type":"bool","position":{"bit_offset":2,"len":1,"unit":"bit","byte_offset":0},"type":"status_writable","id":2,"desc":"....."},{"display_name":"\u5236\u70ed","name":"Heat","data_type":"bool","position":{"bit_offset":3,"len":1,"unit":"bit","byte_offset":0},"type":"status_writable","id":3,"desc":"....."},{"display_name":"\u5236\u51b7","name":"Refrigeration","data_type":"bool","position":{"bit_offset":4,"len":1,"unit":"bit","byte_offset":0},"type":"status_writable","id":4,"desc":"....."},{"display_name":"\u6a21\u5f0f","name":"Mode","data_type":"enum","enum":["\u7f3a\u6c34","\u6ee1\u6c34","\u5236\u6c34","\u51b2\u6d17"],"position":{"bit_offset":0,"len":2,"unit":"bit","byte_offset":1},"type":"status_readonly","id":5,"desc":"....."},{"display_name":"\u7b2c1\u7ea7\u6ee4\u82af\u5bff\u547d","name":"Cartridge_Life_1","data_type":"uint8","position":{"bit_offset":0,"len":1,"unit":"byte","byte_offset":2},"uint_spec":{"addition":0,"max":100,"ratio":1,"min":0},"type":"status_readonly","id":6,"desc":"....."},{"display_name":"\u7b2c2\u7ea7\u6ee4\u82af\u5bff\u547d","name":"Cartridge_Life_2","data_type":"uint8","position":{"bit_offset":0,"len":1,"unit":"byte","byte_offset":3},"uint_spec":{"addition":0,"max":100,"ratio":1,"min":0},"type":"status_readonly","id":7,"desc":"....."},{"display_name":"\u7b2c3\u7ea7\u6ee4\u82af\u5bff\u547d","name":"Cartridge_Life_3","data_type":"uint8","position":{"bit_offset":0,"len":1,"unit":"byte","byte_offset":4},"uint_spec":{"addition":0,"max":100,"ratio":1,"min":0},"type":"status_readonly","id":8,"desc":"....."},{"display_name":"\u7b2c4\u7ea7\u6ee4\u82af\u5bff\u547d","name":"Cartridge_Life_4","data_type":"uint8","position":{"bit_offset":0,"len":1,"unit":"byte","byte_offset":5},"uint_spec":{"addition":0,"max":100,"ratio":1,"min":0},"type":"status_readonly","id":9,"desc":"....."},{"display_name":"\u7b2c5\u7ea7\u6ee4\u82af\u5bff\u547d","name":"Cartridge_Life_5","data_type":"uint8","position":{"bit_offset":0,"len":1,"unit":"byte","byte_offset":6},"uint_spec":{"addition":0,"max":100,"ratio":1,"min":0},"type":"status_readonly","id":10,"desc":"....."},{"display_name":"\u70ed\u6c34\u6e29\u5ea6","name":"Hot_Water_Temp","data_type":"uint8","position":{"bit_offset":0,"len":1,"unit":"byte","byte_offset":7},"uint_spec":{"addition":0,"max":100,"ratio":1,"min":0},"type":"status_readonly","id":11,"desc":"....."},{"display_name":"\u6e29\u6c34\u6e29\u5ea6","name":"Warm_Water_Temp","data_type":"uint8","position":{"bit_offset":0,"len":1,"unit":"byte","byte_offset":8},"uint_spec":{"addition":0,"max":100,"ratio":1,"min":0},"type":"status_readonly","id":12,"desc":"....."},{"display_name":"\u539f\u6c34TDS","name":"Raw_Water_TDS","data_type":"uint16","position":{"bit_offset":0,"len":2,"unit":"byte","byte_offset":9},"uint_spec":{"addition":0,"max":2000,"ratio":1,"min":0},"type":"status_readonly","id":13,"desc":"....."},{"display_name":"\u7eaf\u6c34TDS","name":"Pure_Water_TDS","data_type":"uint16","position":{"bit_offset":0,"len":2,"unit":"byte","byte_offset":11},"uint_spec":{"addition":0,"max":1000,"ratio":1,"min":0},"type":"status_readonly","id":14,"desc":"....."},{"display_name":"\u4e0a\u6b21\u5236\u6c34\u91cf","name":"P_W_Amount_Last_Time","data_type":"uint32","position":{"bit_offset":0,"len":4,"unit":"byte","byte_offset":13},"uint_spec":{"addition":0,"max":100000,"ratio":1,"min":0},"type":"status_readonly","id":15,"desc":"....."},{"display_name":"\u6c34\u7bb1\u7f3a\u6c34\u5f02\u5e38","name":"Hydropenia_Falut","data_type":"bool","position":{"bit_offset":0,"len":1,"unit":"bit","byte_offset":17},"type":"alert","id":16,"desc":"....."},{"display_name":"\u6c34\u6cf5\u5f02\u5e38","name":"Water_Pump","data_type":"bool","position":{"bit_offset":0,"len":1,"unit":"bit","byte_offset":18},"type":"fault","id":17,"desc":"....."},{"display_name":"\u6d41\u91cf\u8ba1\u5f02\u5e38","name":"Flowmeter","data_type":"bool","position":{"bit_offset":1,"len":1,"unit":"bit","byte_offset":18},"type":"fault","id":18,"desc":"....."},{"display_name":"\u6e29\u5ea6\u4f20\u611f\u5668\u5f02\u5e38","name":"Temp_Sensor","data_type":"bool","position":{"bit_offset":2,"len":1,"unit":"bit","byte_offset":18},"type":"fault","id":19,"desc":"....."},{"display_name":"\u9ad8\u538b\u5f00\u5173\u5f02\u5e38","name":"High_Tension_Switch","data_type":"bool","position":{"bit_offset":3,"len":1,"unit":"bit","byte_offset":18},"type":"fault","id":20,"desc":"....."},{"display_name":"\u4f4e\u538b\u5f00\u5173\u5f02\u5e38","name":"Low_Tension_Switch","data_type":"bool","position":{"bit_offset":4,"len":1,"unit":"bit","byte_offset":18},"type":"fault","id":21,"desc":"....."},{"display_name":"\u6f0f\u6c34\u5f02\u5e38","name":"Leak","data_type":"bool","position":{"bit_offset":5,"len":1,"unit":"bit","byte_offset":18},"type":"fault","id":22,"desc":"....."},{"display_name":"\u6ea2\u6c34\u5f02\u5e38","name":"OverFlow","data_type":"bool","position":{"bit_offset":6,"len":1,"unit":"bit","byte_offset":18},"type":"fault","id":23,"desc":"....."},{"display_name":"\u8fdb\u6c34\u7535\u78c1\u9600\u6545\u969c","name":"Inflow_Solenoid_Valve","data_type":"bool","position":{"bit_offset":7,"len":1,"unit":"bit","byte_offset":18},"type":"fault","id":24,"desc":"....."},{"display_name":"\u51b2\u6d17\u7535\u78c1\u9600\u6545\u969c","name":"Wash_Solenoid_Valve","data_type":"bool","position":{"bit_offset":8,"len":1,"unit":"bit","byte_offset":18},"type":"fault","id":25,"desc":"....."},{"display_name":"\u5236\u51b7\u5f02\u5e38","name":"Refrigeration_Falut","data_type":"bool","position":{"bit_offset":9,"len":1,"unit":"bit","byte_offset":18},"type":"fault","id":26,"desc":"....."},{"display_name":"\u5236\u70ed\u5f02\u5e38","name":"Heat_Falut","data_type":"bool","position":{"bit_offset":10,"len":1,"unit":"bit","byte_offset":18},"type":"fault","id":27,"desc":"....."}],"name":"entity0"}],"protocolType":"standard","product_key":"708b3e796eac4609bbb00b4a3536eafb","packetVersion":"0x00000004","ui":{"object":{"version":4,"showEditButton":false},"sections":[{"elements":[{"boolValue":false,"object":{"action":"entity0","bind":["entity0.Switch"],"perm":"W"},"type":"QBooleanElement","key":"entity0.Switch","title":"\u7535\u6e90\u5f00\u5173"},{"boolValue":false,"object":{"action":"entity0","bind":["entity0.Wash"],"perm":"W"},"type":"QBooleanElement","key":"entity0.Wash","title":"\u51b2\u6d17"},{"boolValue":false,"object":{"action":"entity0","bind":["entity0.Child_Lock"],"perm":"W"},"type":"QBooleanElement","key":"entity0.Child_Lock","title":"\u7ae5\u9501"},{"boolValue":false,"object":{"action":"entity0","bind":["entity0.Heat"],"perm":"W"},"type":"QBooleanElement","key":"entity0.Heat","title":"\u5236\u70ed"},{"boolValue":false,"object":{"action":"entity0","bind":["entity0.Refrigeration"],"perm":"W"},"type":"QBooleanElement","key":"entity0.Refrigeration","title":"\u5236\u51b7"},{"items":["\u7f3a\u6c34","\u6ee1\u6c34","\u5236\u6c34","\u51b2\u6d17"],"object":{"action":"entity0","bind":["entity0.Mode"],"perm":"N"},"type":"QRadioElement","key":"entity0.Mode","title":"\u6a21\u5f0f"},{"object":{"action":"entity0","bind":["entity0.Cartridge_Life_1"],"uint_spec":{"max":100.0,"step":1,"min":0.0},"perm":"N"},"type":"QLabelElement","key":"entity0.Cartridge_Life_1","title":"\u7b2c1\u7ea7\u6ee4\u82af\u5bff\u547d"},{"object":{"action":"entity0","bind":["entity0.Cartridge_Life_2"],"uint_spec":{"max":100.0,"step":1,"min":0.0},"perm":"N"},"type":"QLabelElement","key":"entity0.Cartridge_Life_2","title":"\u7b2c2\u7ea7\u6ee4\u82af\u5bff\u547d"},{"object":{"action":"entity0","bind":["entity0.Cartridge_Life_3"],"uint_spec":{"max":100.0,"step":1,"min":0.0},"perm":"N"},"type":"QLabelElement","key":"entity0.Cartridge_Life_3","title":"\u7b2c3\u7ea7\u6ee4\u82af\u5bff\u547d"},{"object":{"action":"entity0","bind":["entity0.Cartridge_Life_4"],"uint_spec":{"max":100.0,"step":1,"min":0.0},"perm":"N"},"type":"QLabelElement","key":"entity0.Cartridge_Life_4","title":"\u7b2c4\u7ea7\u6ee4\u82af\u5bff\u547d"},{"object":{"action":"entity0","bind":["entity0.Cartridge_Life_5"],"uint_spec":{"max":100.0,"step":1,"min":0.0},"perm":"N"},"type":"QLabelElement","key":"entity0.Cartridge_Life_5","title":"\u7b2c5\u7ea7\u6ee4\u82af\u5bff\u547d"},{"object":{"action":"entity0","bind":["entity0.Hot_Water_Temp"],"uint_spec":{"max":100.0,"step":1,"min":0.0},"perm":"N"},"type":"QLabelElement","key":"entity0.Hot_Water_Temp","title":"\u70ed\u6c34\u6e29\u5ea6"},{"object":{"action":"entity0","bind":["entity0.Warm_Water_Temp"],"uint_spec":{"max":100.0,"step":1,"min":0.0},"perm":"N"},"type":"QLabelElement","key":"entity0.Warm_Water_Temp","title":"\u6e29\u6c34\u6e29\u5ea6"},{"object":{"action":"entity0","bind":["entity0.Raw_Water_TDS"],"uint_spec":{"max":2000.0,"step":1,"min":0.0},"perm":"N"},"type":"QLabelElement","key":"entity0.Raw_Water_TDS","title":"\u539f\u6c34TDS"},{"object":{"action":"entity0","bind":["entity0.Pure_Water_TDS"],"uint_spec":{"max":1000.0,"step":1,"min":0.0},"perm":"N"},"type":"QLabelElement","key":"entity0.Pure_Water_TDS","title":"\u7eaf\u6c34TDS"},{"object":{"action":"entity0","bind":["entity0.P_W_Amount_Last_Time"],"uint_spec":{"max":100000.0,"step":1,"min":0.0},"perm":"N"},"type":"QLabelElement","key":"entity0.P_W_Amount_Last_Time","title":"\u4e0a\u6b21\u5236\u6c34\u91cf"}]}]}}