{"name":"\u667a\u7075","packetVersion":"0x00000004","protocolType":"standard","product_key":"712045aec55e4f698b43b0ac2aa4dabe","entities":[{"display_name":"\u673a\u667a\u4e91\u5f00\u53d1\u5957\u4ef6","attrs":[{"display_name":"\u7535\u6e90\u5f00\u5173","name":"Switch","data_type":"bool","position":{"byte_offset":0,"unit":"bit","len":1,"bit_offset":0},"type":"status_writable","id":0,"desc":"....."},{"display_name":"\u51b2\u6d17","name":"Wash","data_type":"bool","position":{"byte_offset":0,"unit":"bit","len":1,"bit_offset":1},"type":"status_writable","id":1,"desc":"....."},{"display_name":"\u6a21\u5f0f","name":"Mode","data_type":"enum","enum":["\u7f3a\u6c34","\u6ee1\u6c34","\u5236\u6c34","\u51b2\u6d17"],"position":{"byte_offset":1,"unit":"bit","len":2,"bit_offset":0},"type":"status_readonly","id":2,"desc":"....."},{"display_name":"\u7b2c1\u7ea7\u6ee4\u82af\u5269\u4f59\u5bff\u547d","name":"Cartridge_Life_1","data_type":"uint8","position":{"byte_offset":2,"unit":"byte","len":1,"bit_offset":0},"uint_spec":{"addition":0,"max":100,"ratio":1,"min":0},"type":"status_readonly","id":3,"desc":"....."},{"display_name":"\u7b2c2\u7ea7\u6ee4\u82af\u5269\u4f59\u5bff\u547d","name":"Cartridge_Life_2","data_type":"uint8","position":{"byte_offset":3,"unit":"byte","len":1,"bit_offset":0},"uint_spec":{"addition":0,"max":100,"ratio":1,"min":0},"type":"status_readonly","id":4,"desc":"....."},{"display_name":"\u7b2c3\u7ea7\u6ee4\u82af\u5269\u4f59\u5bff\u547d","name":"Cartridge_Life_3","data_type":"uint8","position":{"byte_offset":4,"unit":"byte","len":1,"bit_offset":0},"uint_spec":{"addition":0,"max":100,"ratio":1,"min":0},"type":"status_readonly","id":5,"desc":"....."},{"display_name":"\u7b2c4\u7ea7\u6ee4\u82af\u5269\u4f59\u5bff\u547d","name":"Cartridge_Life_4","data_type":"uint8","position":{"byte_offset":5,"unit":"byte","len":1,"bit_offset":0},"uint_spec":{"addition":0,"max":100,"ratio":1,"min":0},"type":"status_readonly","id":6,"desc":"....."},{"display_name":"\u7b2c5\u7ea7\u6ee4\u82af\u5269\u4f59\u5bff\u547d","name":"Cartridge_Life_5","data_type":"uint8","position":{"byte_offset":6,"unit":"byte","len":1,"bit_offset":0},"uint_spec":{"addition":0,"max":100,"ratio":1,"min":0},"type":"status_readonly","id":7,"desc":"....."},{"display_name":"\u539f\u6c34TDS","name":"Raw_Water_TDS","data_type":"uint16","position":{"byte_offset":7,"unit":"byte","len":2,"bit_offset":0},"uint_spec":{"addition":0,"max":2000,"ratio":1,"min":0},"type":"status_readonly","id":8,"desc":"....."},{"display_name":"\u7eaf\u6c34TDS","name":"Pure_Water_TDS","data_type":"uint16","position":{"byte_offset":9,"unit":"byte","len":2,"bit_offset":0},"uint_spec":{"addition":0,"max":1000,"ratio":1,"min":0},"type":"status_readonly","id":9,"desc":"....."},{"display_name":"\u4e0a\u6b21\u5236\u6c34\u91cf","name":"P_W_Amount_Last_Time","data_type":"uint32","position":{"byte_offset":11,"unit":"byte","len":4,"bit_offset":0},"uint_spec":{"addition":0,"max":100000,"ratio":1,"min":0},"type":"status_readonly","id":10,"desc":"....."},{"display_name":"\u6c34\u6cf5\u5f02\u5e38","name":"Water_Pump","data_type":"bool","position":{"byte_offset":15,"unit":"bit","len":1,"bit_offset":0},"type":"fault","id":11,"desc":"....."},{"display_name":"\u6d41\u91cf\u8ba1\u5f02\u5e38","name":"Flowmeter","data_type":"bool","position":{"byte_offset":15,"unit":"bit","len":1,"bit_offset":1},"type":"fault","id":12,"desc":"....."},{"display_name":"\u6e29\u5ea6\u4f20\u611f\u5668\u6545\u969c","name":"Temp_Sensor","data_type":"bool","position":{"byte_offset":15,"unit":"bit","len":1,"bit_offset":2},"type":"fault","id":13,"desc":"....."},{"display_name":"\u9ad8\u538b\u5f00\u5173\u6545\u969c","name":"High_Tension_Switch","data_type":"bool","position":{"byte_offset":15,"unit":"bit","len":1,"bit_offset":3},"type":"fault","id":14,"desc":"....."},{"display_name":"\u4f4e\u538b\u5f00\u5173\u6545\u969c","name":"Low_Tension_Switch","data_type":"bool","position":{"byte_offset":15,"unit":"bit","len":1,"bit_offset":4},"type":"fault","id":15,"desc":"....."},{"display_name":"\u6f0f\u6c34\u5f02\u5e38","name":"Leak","data_type":"bool","position":{"byte_offset":15,"unit":"bit","len":1,"bit_offset":5},"type":"fault","id":16,"desc":"....."},{"display_name":"\u8fdb\u6c34\u7535\u78c1\u9600\u6545\u969c","name":"Inflow_Solenoid_Valve","data_type":"bool","position":{"byte_offset":15,"unit":"bit","len":1,"bit_offset":6},"type":"fault","id":17,"desc":"....."},{"display_name":"\u51b2\u6d17\u7535\u78c1\u9600\u6545\u969c","name":"Wash_Solenoid_Valve","data_type":"bool","position":{"byte_offset":15,"unit":"bit","len":1,"bit_offset":7},"type":"fault","id":18,"desc":"....."}],"name":"entity0","id":0}],"ui":{"object":{"version":4,"showEditButton":false},"sections":[{"elements":[{"boolValue":false,"object":{"action":"entity0","bind":["entity0.Switch"],"perm":"W"},"type":"QBooleanElement","key":"entity0.Switch","title":"\u7535\u6e90\u5f00\u5173"},{"boolValue":false,"object":{"action":"entity0","bind":["entity0.Wash"],"perm":"W"},"type":"QBooleanElement","key":"entity0.Wash","title":"\u51b2\u6d17"},{"items":["\u7f3a\u6c34","\u6ee1\u6c34","\u5236\u6c34","\u51b2\u6d17"],"object":{"action":"entity0","bind":["entity0.Mode"],"perm":"N"},"type":"QRadioElement","key":"entity0.Mode","title":"\u6a21\u5f0f"},{"object":{"action":"entity0","bind":["entity0.Cartridge_Life_1"],"uint_spec":{"max":100.0,"step":1,"min":0.0},"perm":"N"},"type":"QLabelElement","key":"entity0.Cartridge_Life_1","title":"\u7b2c1\u7ea7\u6ee4\u82af\u5269\u4f59\u5bff\u547d"},{"object":{"action":"entity0","bind":["entity0.Cartridge_Life_2"],"uint_spec":{"max":100.0,"step":1,"min":0.0},"perm":"N"},"type":"QLabelElement","key":"entity0.Cartridge_Life_2","title":"\u7b2c2\u7ea7\u6ee4\u82af\u5269\u4f59\u5bff\u547d"},{"object":{"action":"entity0","bind":["entity0.Cartridge_Life_3"],"uint_spec":{"max":100.0,"step":1,"min":0.0},"perm":"N"},"type":"QLabelElement","key":"entity0.Cartridge_Life_3","title":"\u7b2c3\u7ea7\u6ee4\u82af\u5269\u4f59\u5bff\u547d"},{"object":{"action":"entity0","bind":["entity0.Cartridge_Life_4"],"uint_spec":{"max":100.0,"step":1,"min":0.0},"perm":"N"},"type":"QLabelElement","key":"entity0.Cartridge_Life_4","title":"\u7b2c4\u7ea7\u6ee4\u82af\u5269\u4f59\u5bff\u547d"},{"object":{"action":"entity0","bind":["entity0.Cartridge_Life_5"],"uint_spec":{"max":100.0,"step":1,"min":0.0},"perm":"N"},"type":"QLabelElement","key":"entity0.Cartridge_Life_5","title":"\u7b2c5\u7ea7\u6ee4\u82af\u5269\u4f59\u5bff\u547d"},{"object":{"action":"entity0","bind":["entity0.Raw_Water_TDS"],"uint_spec":{"max":2000.0,"step":1,"min":0.0},"perm":"N"},"type":"QLabelElement","key":"entity0.Raw_Water_TDS","title":"\u539f\u6c34TDS"},{"object":{"action":"entity0","bind":["entity0.Pure_Water_TDS"],"uint_spec":{"max":1000.0,"step":1,"min":0.0},"perm":"N"},"type":"QLabelElement","key":"entity0.Pure_Water_TDS","title":"\u7eaf\u6c34TDS"},{"object":{"action":"entity0","bind":["entity0.P_W_Amount_Last_Time"],"uint_spec":{"max":100000.0,"step":1,"min":0.0},"perm":"N"},"type":"QLabelElement","key":"entity0.P_W_Amount_Last_Time","title":"\u4e0a\u6b21\u5236\u6c34\u91cf"}]}]}}