{"name":"\u70ed\u6c34\u5668","packetVersion":"0x00000004","protocolType":"standard","product_key":"98b05e7a0d6644aa994621f1ce7966ab","entities":[{"display_name":"\u673a\u667a\u4e91\u5f00\u53d1\u5957\u4ef6","attrs":[{"display_name":"\u8bbe\u5907\u5f00\u5173","name":"Switch","data_type":"bool","position":{"byte_offset":0,"unit":"bit","len":1,"bit_offset":0},"type":"status_writable","id":0,"desc":"....."},{"display_name":"\u9884\u7ea6\u5f00\u5173","name":"Reserve_OnOff","data_type":"bool","position":{"byte_offset":0,"unit":"bit","len":1,"bit_offset":1},"type":"status_writable","id":1,"desc":"....."},{"display_name":"\u6a21\u5f0f\u5207\u6362","name":"Mode","data_type":"enum","enum":["\u667a\u80fd\u6a21\u5f0f","\u8282\u80fd\u6a21\u5f0f","\u901f\u70ed\u6a21\u5f0f","\u52a0\u70ed\u6a21\u5f0f","\u4fdd\u6e29\u6a21\u5f0f","\u5b89\u5168\u6a21\u5f0f"],"position":{"byte_offset":0,"unit":"bit","len":3,"bit_offset":2},"type":"status_writable","id":2,"desc":"....."},{"display_name":"\u529f\u7387","name":"Power","data_type":"enum","enum":["\u6b63\u5e38","\u534a\u80c6\u52a0\u70ed","\u5168\u80c6\u52a0\u70ed"],"position":{"byte_offset":0,"unit":"bit","len":2,"bit_offset":5},"type":"status_writable","id":3,"desc":"....."},{"display_name":"\u76ee\u6807\u6e29\u5ea6","name":"Set_Temp","data_type":"uint8","position":{"byte_offset":1,"unit":"byte","len":1,"bit_offset":0},"uint_spec":{"addition":0,"max":75,"ratio":1,"min":30},"type":"status_writable","id":4,"desc":"....."},{"display_name":"de3","name":"de3","data_type":"uint8","position":{"byte_offset":2,"unit":"byte","len":1,"bit_offset":0},"uint_spec":{"addition":0,"max":5,"ratio":2,"min":0},"type":"status_writable","id":5,"desc":"....."},{"display_name":"\u5012\u8ba1\u65f6\u9884\u7ea6","name":"CountDown_Reserve","data_type":"uint16","position":{"byte_offset":3,"unit":"byte","len":2,"bit_offset":0},"uint_spec":{"addition":0,"max":1440,"ratio":1,"min":0},"type":"status_writable","id":6,"desc":"....."},{"display_name":"\u5b9a\u65f6\u9884\u7ea6","name":"Time_Reserve","data_type":"uint16","position":{"byte_offset":5,"unit":"byte","len":2,"bit_offset":0},"uint_spec":{"addition":0,"max":1439,"ratio":1,"min":0},"type":"status_writable","id":7,"desc":"....."},{"display_name":"\u65f6\u949f\u6821\u51c6","name":"Calibration_Time","data_type":"uint16","position":{"byte_offset":7,"unit":"byte","len":2,"bit_offset":0},"uint_spec":{"addition":0,"max":1439,"ratio":1,"min":0},"type":"status_writable","id":8,"desc":"....."},{"display_name":"\u5f53\u524d\u6e29\u5ea6","name":"Room_Temp","data_type":"uint16","position":{"byte_offset":9,"unit":"byte","len":2,"bit_offset":0},"uint_spec":{"addition":0,"max":256,"ratio":1,"min":0},"type":"status_readonly","id":9,"desc":"....."},{"display_name":"\u5e72\u70e7\u6545\u969c","name":"Fault_burning","data_type":"bool","position":{"byte_offset":11,"unit":"bit","len":1,"bit_offset":0},"type":"fault","id":10,"desc":"....."},{"display_name":"\u4f20\u611f\u5668\u5f00\u8def\u6545\u969c","name":"Fault_SensorOpen","data_type":"bool","position":{"byte_offset":11,"unit":"bit","len":1,"bit_offset":1},"type":"fault","id":11,"desc":"....."},{"display_name":"\u4f20\u611f\u5668\u77ed\u8def\u6545\u969c","name":"Fault_SensorShort","data_type":"bool","position":{"byte_offset":11,"unit":"bit","len":1,"bit_offset":2},"type":"fault","id":12,"desc":"....."},{"display_name":"\u8d85\u6e29\u6545\u969c","name":"Fault_OverTemp","data_type":"bool","position":{"byte_offset":11,"unit":"bit","len":1,"bit_offset":3},"type":"fault","id":13,"desc":"....."}],"name":"entity0","id":0}],"ui":{"object":{"version":4,"showEditButton":false},"sections":[{"elements":[{"boolValue":false,"object":{"action":"entity0","bind":["entity0.Switch"],"perm":"W"},"type":"QBooleanElement","key":"entity0.Switch","title":"\u8bbe\u5907\u5f00\u5173"},{"boolValue":false,"object":{"action":"entity0","bind":["entity0.Reserve_OnOff"],"perm":"W"},"type":"QBooleanElement","key":"entity0.Reserve_OnOff","title":"\u9884\u7ea6\u5f00\u5173"},{"items":["\u667a\u80fd\u6a21\u5f0f","\u8282\u80fd\u6a21\u5f0f","\u901f\u70ed\u6a21\u5f0f","\u52a0\u70ed\u6a21\u5f0f","\u4fdd\u6e29\u6a21\u5f0f","\u5b89\u5168\u6a21\u5f0f"],"object":{"action":"entity0","bind":["entity0.Mode"],"perm":"W"},"type":"QRadioElement","key":"entity0.Mode","title":"\u6a21\u5f0f\u5207\u6362"},{"items":["\u6b63\u5e38","\u534a\u80c6\u52a0\u70ed","\u5168\u80c6\u52a0\u70ed"],"object":{"action":"entity0","bind":["entity0.Power"],"perm":"W"},"type":"QRadioElement","key":"entity0.Power","title":"\u529f\u7387"},{"title":"\u76ee\u6807\u6e29\u5ea6","bind":"floatValue:float","object":{"action":"entity0","bind":["entity0.Set_Temp"],"uint_spec":{"max":75.0,"step":1,"min":30.0},"perm":"W"},"value":0,"key":"entity0.Set_Temp","maximumValue":75.0,"minimumValue":30.0,"type":"QFloatElement"},{"title":"de3","bind":"floatValue:float","object":{"action":"entity0","bind":["entity0.de3"],"uint_spec":{"max":10.0,"step":2,"min":0.0},"perm":"W"},"value":0,"key":"entity0.de3","maximumValue":10.0,"minimumValue":0.0,"type":"QFloatElement"},{"title":"\u5012\u8ba1\u65f6\u9884\u7ea6","bind":"floatValue:float","object":{"action":"entity0","bind":["entity0.CountDown_Reserve"],"uint_spec":{"max":1440.0,"step":1,"min":0.0},"perm":"W"},"value":0,"key":"entity0.CountDown_Reserve","maximumValue":1440.0,"minimumValue":0.0,"type":"QFloatElement"},{"title":"\u5b9a\u65f6\u9884\u7ea6","bind":"floatValue:float","object":{"action":"entity0","bind":["entity0.Time_Reserve"],"uint_spec":{"max":1439.0,"step":1,"min":0.0},"perm":"W"},"value":0,"key":"entity0.Time_Reserve","maximumValue":1439.0,"minimumValue":0.0,"type":"QFloatElement"},{"title":"\u65f6\u949f\u6821\u51c6","bind":"floatValue:float","object":{"action":"entity0","bind":["entity0.Calibration_Time"],"uint_spec":{"max":1439.0,"step":1,"min":0.0},"perm":"W"},"value":0,"key":"entity0.Calibration_Time","maximumValue":1439.0,"minimumValue":0.0,"type":"QFloatElement"},{"object":{"action":"entity0","bind":["entity0.Room_Temp"],"uint_spec":{"max":256.0,"step":1,"min":0.0},"perm":"N"},"type":"QLabelElement","key":"entity0.Room_Temp","title":"\u5f53\u524d\u6e29\u5ea6"}]}]}}