{"name":"\u673a\u667a\u4e91\u7a7a\u6c14\u51c0\u5316\u5668","entities":[{"id":0,"display_name":"\u673a\u667a\u4e91\u5f00\u53d1\u5957\u4ef6","attrs":[{"display_name":"\u5f00\u5173","name":"Switch","data_type":"bool","position":{"bit_offset":0,"len":1,"unit":"bit","byte_offset":0},"type":"status_writable","id":0,"desc":"....."},{"display_name":"\u7b49\u79bb\u5b50\u5f00\u5173","name":"Switch_Plasma","data_type":"bool","position":{"bit_offset":1,"len":1,"unit":"bit","byte_offset":0},"type":"status_writable","id":1,"desc":"....."},{"display_name":"\u7a7a\u6c14\u8d28\u91cf\u6307\u793a\u706f","name":"LED_Air_Quality","data_type":"bool","position":{"bit_offset":2,"len":1,"unit":"bit","byte_offset":0},"type":"status_writable","id":2,"desc":"....."},{"display_name":"\u513f\u7ae5\u5b89\u5168\u9501","name":"Child_Security_Lock","data_type":"bool","position":{"bit_offset":3,"len":1,"unit":"bit","byte_offset":0},"type":"status_writable","id":3,"desc":"....."},{"display_name":"\u98ce\u901f","name":"Wind_Velocity","data_type":"enum","enum":["\u5f3a\u529b","\u6807\u51c6","\u7761\u7720","\u667a\u80fd"],"position":{"bit_offset":4,"len":2,"unit":"bit","byte_offset":0},"type":"status_writable","id":4,"desc":"....."},{"display_name":"\u7a7a\u6c14\u68c0\u6d4b\u7075\u654f\u5ea6","name":"Air_Sensitivity","data_type":"enum","enum":["0","1","2","3","4"],"position":{"bit_offset":6,"len":3,"unit":"bit","byte_offset":0},"type":"status_writable","id":5,"desc":"....."},{"display_name":"\u6ee4\u7f51\u5bff\u547d","name":"Filter_Life","data_type":"uint8","position":{"bit_offset":0,"len":1,"unit":"byte","byte_offset":2},"uint_spec":{"addition":0,"max":100,"ratio":1,"min":0},"type":"status_writable","id":6,"desc":"....."},{"display_name":"\u6309\u5468\u91cd\u590d","name":"Week_Repeat","data_type":"uint8","position":{"bit_offset":0,"len":1,"unit":"byte","byte_offset":3},"uint_spec":{"addition":0,"max":255,"ratio":1,"min":0},"type":"status_writable","id":7,"desc":"....."},{"display_name":"\u5012\u8ba1\u65f6\u5f00\u673a","name":"CountDown_On_min","data_type":"uint16","position":{"bit_offset":0,"len":2,"unit":"byte","byte_offset":4},"uint_spec":{"addition":0,"max":1440,"ratio":1,"min":0},"type":"status_writable","id":8,"desc":"....."},{"display_name":"\u5012\u8ba1\u65f6\u5173\u673a","name":"CountDown_Off_min","data_type":"uint16","position":{"bit_offset":0,"len":2,"unit":"byte","byte_offset":6},"uint_spec":{"addition":0,"max":1440,"ratio":1,"min":0},"type":"status_writable","id":9,"desc":"....."},{"display_name":"\u5b9a\u65f6\u5f00\u673a","name":"Timing_On","data_type":"uint16","position":{"bit_offset":0,"len":2,"unit":"byte","byte_offset":8},"uint_spec":{"addition":0,"max":1440,"ratio":1,"min":0},"type":"status_writable","id":10,"desc":"....."},{"display_name":"\u5b9a\u65f6\u5173\u673a","name":"Timing_Off","data_type":"uint16","position":{"bit_offset":0,"len":2,"unit":"byte","byte_offset":10},"uint_spec":{"addition":0,"max":1440,"ratio":1,"min":0},"type":"status_writable","id":11,"desc":"....."},{"display_name":"\u7a7a\u6c14\u8d28\u91cf","name":"Air_Quality","data_type":"enum","enum":["\u4f18","\u826f","\u4e2d","\u5dee"],"position":{"bit_offset":0,"len":2,"unit":"bit","byte_offset":12},"type":"status_readonly","id":12,"desc":"....."},{"display_name":"\u7a7a\u6c14\u8d28\u91cf_\u7c89\u5c18","name":"Dust_Air_Quality","data_type":"uint8","position":{"bit_offset":0,"len":1,"unit":"byte","byte_offset":13},"uint_spec":{"addition":0,"max":255,"ratio":1,"min":0},"type":"status_readonly","id":13,"desc":"....."},{"display_name":"\u7a7a\u6c14\u8d28\u91cf_\u5f02\u5473","name":"Peculiar_Air_Quality","data_type":"uint8","position":{"bit_offset":0,"len":1,"unit":"byte","byte_offset":14},"uint_spec":{"addition":0,"max":255,"ratio":1,"min":0},"type":"status_readonly","id":14,"desc":"....."},{"display_name":"\u6ee4\u82af\u5bff\u547d\u62a5\u8b66","name":"Alert_Filter_Life","data_type":"bool","position":{"bit_offset":0,"len":1,"unit":"bit","byte_offset":15},"type":"alert","id":15,"desc":"....."},{"display_name":"\u7a7a\u6c14\u8d28\u91cf\u8b66\u62a5","name":"Alert_Air_Quality","data_type":"bool","position":{"bit_offset":1,"len":1,"unit":"bit","byte_offset":15},"type":"alert","id":16,"desc":"....."},{"display_name":"\u7535\u673a\u6545\u969c","name":"Fault_Motor","data_type":"bool","position":{"bit_offset":0,"len":1,"unit":"bit","byte_offset":16},"type":"fault","id":17,"desc":"....."},{"display_name":"\u7a7a\u6c14\u4f20\u611f\u5668\u6545\u969c","name":"Fault_Air_Sensors","data_type":"bool","position":{"bit_offset":1,"len":1,"unit":"bit","byte_offset":16},"type":"fault","id":18,"desc":"....."},{"display_name":"\u7070\u5c18\u4f20\u611f\u5668\u6545\u969c","name":"Fault_Dust_Sensor","data_type":"bool","position":{"bit_offset":2,"len":1,"unit":"bit","byte_offset":16},"type":"fault","id":19,"desc":"....."}],"name":"entity0"}],"protocolType":"standard","product_key":"b3a206e380bc4a3c8c157ff4b5491633","packetVersion":"0x00000004","ui":{"object":{"version":4,"showEditButton":false},"sections":[{"elements":[{"boolValue":false,"object":{"action":"entity0","bind":["entity0.Switch"],"perm":"W"},"type":"QBooleanElement","key":"entity0.Switch","title":"\u5f00\u5173"},{"boolValue":false,"object":{"action":"entity0","bind":["entity0.Switch_Plasma"],"perm":"W"},"type":"QBooleanElement","key":"entity0.Switch_Plasma","title":"\u7b49\u79bb\u5b50\u5f00\u5173"},{"boolValue":false,"object":{"action":"entity0","bind":["entity0.LED_Air_Quality"],"perm":"W"},"type":"QBooleanElement","key":"entity0.LED_Air_Quality","title":"\u7a7a\u6c14\u8d28\u91cf\u6307\u793a\u706f"},{"boolValue":false,"object":{"action":"entity0","bind":["entity0.Child_Security_Lock"],"perm":"W"},"type":"QBooleanElement","key":"entity0.Child_Security_Lock","title":"\u513f\u7ae5\u5b89\u5168\u9501"},{"items":["\u5f3a\u529b","\u6807\u51c6","\u7761\u7720","\u667a\u80fd"],"object":{"action":"entity0","bind":["entity0.Wind_Velocity"],"perm":"W"},"type":"QRadioElement","key":"entity0.Wind_Velocity","title":"\u98ce\u901f"},{"items":["0","1","2","3","4"],"object":{"action":"entity0","bind":["entity0.Air_Sensitivity"],"perm":"W"},"type":"QRadioElement","key":"entity0.Air_Sensitivity","title":"\u7a7a\u6c14\u68c0\u6d4b\u7075\u654f\u5ea6"},{"title":"\u6ee4\u7f51\u5bff\u547d","bind":"floatValue:float","object":{"action":"entity0","bind":["entity0.Filter_Life"],"uint_spec":{"max":100,"step":1,"min":0},"perm":"W"},"value":0,"key":"entity0.Filter_Life","maximumValue":100,"minimumValue":0,"type":"QFloatElement"},{"title":"\u6309\u5468\u91cd\u590d","bind":"floatValue:float","object":{"action":"entity0","bind":["entity0.Week_Repeat"],"uint_spec":{"max":255,"step":1,"min":0},"perm":"W"},"value":0,"key":"entity0.Week_Repeat","maximumValue":255,"minimumValue":0,"type":"QFloatElement"},{"title":"\u5012\u8ba1\u65f6\u5f00\u673a","bind":"floatValue:float","object":{"action":"entity0","bind":["entity0.CountDown_On_min"],"uint_spec":{"max":1440,"step":1,"min":0},"perm":"W"},"value":0,"key":"entity0.CountDown_On_min","maximumValue":1440,"minimumValue":0,"type":"QFloatElement"},{"title":"\u5012\u8ba1\u65f6\u5173\u673a","bind":"floatValue:float","object":{"action":"entity0","bind":["entity0.CountDown_Off_min"],"uint_spec":{"max":1440,"step":1,"min":0},"perm":"W"},"value":0,"key":"entity0.CountDown_Off_min","maximumValue":1440,"minimumValue":0,"type":"QFloatElement"},{"title":"\u5b9a\u65f6\u5f00\u673a","bind":"floatValue:float","object":{"action":"entity0","bind":["entity0.Timing_On"],"uint_spec":{"max":1440,"step":1,"min":0},"perm":"W"},"value":0,"key":"entity0.Timing_On","maximumValue":1440,"minimumValue":0,"type":"QFloatElement"},{"title":"\u5b9a\u65f6\u5173\u673a","bind":"floatValue:float","object":{"action":"entity0","bind":["entity0.Timing_Off"],"uint_spec":{"max":1440,"step":1,"min":0},"perm":"W"},"value":0,"key":"entity0.Timing_Off","maximumValue":1440,"minimumValue":0,"type":"QFloatElement"},{"items":["\u4f18","\u826f","\u4e2d","\u5dee"],"object":{"action":"entity0","bind":["entity0.Air_Quality"],"perm":"N"},"type":"QRadioElement","key":"entity0.Air_Quality","title":"\u7a7a\u6c14\u8d28\u91cf"},{"object":{"action":"entity0","bind":["entity0.Dust_Air_Quality"],"uint_spec":{"max":255,"step":1,"min":0},"perm":"N"},"type":"QLabelElement","key":"entity0.Dust_Air_Quality","title":"\u7a7a\u6c14\u8d28\u91cf_\u7c89\u5c18"},{"object":{"action":"entity0","bind":["entity0.Peculiar_Air_Quality"],"uint_spec":{"max":255,"step":1,"min":0},"perm":"N"},"type":"QLabelElement","key":"entity0.Peculiar_Air_Quality","title":"\u7a7a\u6c14\u8d28\u91cf_\u5f02\u5473"}]}]}}