{"name":"app\u6d4b\u8bd5","entities":[{"id":0,"display_name":"\u673a\u667a\u4e91\u5f00\u53d1\u5957\u4ef6","attrs":[{"display_name":"tuozhan","name":"tuozhan","data_type":"binary","position":{"bit_offset":0,"len":200,"unit":"byte","byte_offset":0},"type":"status_writable","id":0,"desc":"....."}],"name":"entity0"}],"protocolType":"standard","product_key":"b64266b7652d4871b7d894bfd0f20f97","packetVersion":"0x00000004","ui":{"object":{"version":4,"showEditButton":false},"sections":[{"elements":[{"object":{"action":"entity0","bind":["entity0.tuozhan"],"perm":"W"},"title":"tuozhan","keyboardType":"NumbersAndPunctuation","value":0,"key":"entity0.tuozhan","maxLength":400,"type":"QMultilineElement"}]}]}}