{"name":"\u84b8\u70e4\u7bb1","packetVersion":"0x00000004","protocolType":"standard","product_key":"c5fa08422e374a22bfe3f4361ed085dd","entities":[{"display_name":"\u673a\u667a\u4e91\u5f00\u53d1\u5957\u4ef6","attrs":[{"display_name":"\u666e\u901a\u84b8\u6c7d","name":"STEAMS","data_type":"bool","position":{"byte_offset":0,"unit":"bit","len":1,"bit_offset":0},"type":"status_writable","id":0,"desc":"....."},{"display_name":"\u70e7\u70e4","name":"BBQS","data_type":"bool","position":{"byte_offset":0,"unit":"bit","len":1,"bit_offset":1},"type":"status_writable","id":1,"desc":"....."},{"display_name":"\u70ed\u98ce\u70e7\u70e4","name":"BBQ_FANS","data_type":"bool","position":{"byte_offset":0,"unit":"bit","len":1,"bit_offset":2},"type":"status_writable","id":2,"desc":"....."},{"display_name":"\u9ad8\u6e29\u84b8\u6c7d","name":"H_STEAMS","data_type":"bool","position":{"byte_offset":0,"unit":"bit","len":1,"bit_offset":3},"type":"status_writable","id":3,"desc":"....."},{"display_name":"\u7096\u6c64","name":"SOUPS","data_type":"bool","position":{"byte_offset":0,"unit":"bit","len":1,"bit_offset":4},"type":"status_writable","id":4,"desc":"....."},{"display_name":"\u89e3\u51bb","name":"DEFROSTS","data_type":"bool","position":{"byte_offset":0,"unit":"bit","len":1,"bit_offset":5},"type":"status_writable","id":5,"desc":"....."},{"display_name":"\u4fdd\u6e29","name":"WORMS","data_type":"bool","position":{"byte_offset":0,"unit":"bit","len":1,"bit_offset":6},"type":"status_writable","id":6,"desc":"....."},{"display_name":"\u6740\u83cc","name":"STERS","data_type":"bool","position":{"byte_offset":0,"unit":"bit","len":1,"bit_offset":7},"type":"status_writable","id":7,"desc":"....."},{"display_name":"\u7167\u660e","name":"LAMPS","data_type":"bool","position":{"byte_offset":0,"unit":"bit","len":1,"bit_offset":8},"type":"status_writable","id":8,"desc":"....."},{"display_name":"ON_OFF","name":"ON_OFF","data_type":"bool","position":{"byte_offset":0,"unit":"bit","len":1,"bit_offset":9},"type":"status_writable","id":9,"desc":"....."},{"display_name":"play_push","name":"play_push","data_type":"bool","position":{"byte_offset":0,"unit":"bit","len":1,"bit_offset":10},"type":"status_writable","id":10,"desc":"....."},{"display_name":"\u7ae5\u9501","name":"LOCK","data_type":"bool","position":{"byte_offset":0,"unit":"bit","len":1,"bit_offset":11},"type":"status_writable","id":11,"desc":"....."},{"display_name":"\u9884\u7ea6","name":"appointment","data_type":"bool","position":{"byte_offset":0,"unit":"bit","len":1,"bit_offset":12},"type":"status_writable","id":12,"desc":"....."},{"display_name":"long_lamp","name":"long_lamp","data_type":"bool","position":{"byte_offset":0,"unit":"bit","len":1,"bit_offset":13},"type":"status_writable","id":13,"desc":"....."},{"display_name":"\u8bbe\u5b9a\u65f6\u95f4","name":"timer_set","data_type":"uint8","position":{"byte_offset":2,"unit":"byte","len":1,"bit_offset":0},"uint_spec":{"addition":0,"max":240,"ratio":1,"min":0},"type":"status_writable","id":14,"desc":"....."},{"display_name":"\u8bbe\u5b9a\u6e29\u5ea6","name":"tempset","data_type":"uint8","position":{"byte_offset":3,"unit":"byte","len":1,"bit_offset":0},"uint_spec":{"addition":0,"max":250,"ratio":1,"min":0},"type":"status_writable","id":15,"desc":"....."},{"display_name":"\u9884\u7ea6\u65f6\u95f4","name":"sub_time","data_type":"uint8","position":{"byte_offset":4,"unit":"byte","len":1,"bit_offset":0},"uint_spec":{"addition":1,"max":11,"ratio":1,"min":0},"type":"status_writable","id":16,"desc":"....."},{"display_name":"\u81ea\u52a8\u6b65\u9aa4","name":"STEP","data_type":"binary","position":{"byte_offset":5,"unit":"byte","len":18,"bit_offset":0},"type":"status_writable","id":17,"desc":"....."},{"display_name":"WORK_STEP","name":"WORK_STEP","data_type":"uint8","position":{"byte_offset":23,"unit":"byte","len":1,"bit_offset":0},"uint_spec":{"addition":1,"max":5,"ratio":1,"min":0},"type":"status_readonly","id":18,"desc":"....."},{"display_name":"\u8154\u4f53\u9ad8\u6e29","name":"ER1","data_type":"bool","position":{"byte_offset":24,"unit":"bit","len":1,"bit_offset":0},"type":"alert","id":19,"desc":"....."},{"display_name":"\u84b8\u53d1\u76d8\u9ad8\u6e29","name":"ER2","data_type":"bool","position":{"byte_offset":24,"unit":"bit","len":1,"bit_offset":1},"type":"alert","id":20,"desc":"....."},{"display_name":"\u8154\u4f53\u4f4e\u6e29","name":"ER3","data_type":"bool","position":{"byte_offset":24,"unit":"bit","len":1,"bit_offset":2},"type":"alert","id":21,"desc":"....."},{"display_name":"\u84b8\u53d1\u5668\u4f4e\u6e29","name":"ER4","data_type":"bool","position":{"byte_offset":24,"unit":"bit","len":1,"bit_offset":3},"type":"alert","id":22,"desc":"....."},{"display_name":"\u4f20\u611f\u5668\u5f00\u8def","name":"ER5","data_type":"bool","position":{"byte_offset":24,"unit":"bit","len":1,"bit_offset":4},"type":"alert","id":23,"desc":"....."},{"display_name":"\u4f20\u611f\u5668\u77ed\u8def","name":"ER6","data_type":"bool","position":{"byte_offset":24,"unit":"bit","len":1,"bit_offset":5},"type":"alert","id":24,"desc":"....."},{"display_name":"\u7f3a\u6c34","name":"WATERID","data_type":"bool","position":{"byte_offset":24,"unit":"bit","len":1,"bit_offset":6},"type":"alert","id":25,"desc":"....."},{"display_name":"\u95e8\u5f00\u5173","name":"OPENID","data_type":"bool","position":{"byte_offset":24,"unit":"bit","len":1,"bit_offset":7},"type":"alert","id":26,"desc":"....."}],"name":"entity0","id":0}],"ui":{"object":{"version":4,"showEditButton":false},"sections":[{"elements":[{"boolValue":false,"object":{"action":"entity0","bind":["entity0.STEAMS"],"perm":"W"},"type":"QBooleanElement","key":"entity0.STEAMS","title":"\u666e\u901a\u84b8\u6c7d"},{"boolValue":false,"object":{"action":"entity0","bind":["entity0.BBQS"],"perm":"W"},"type":"QBooleanElement","key":"entity0.BBQS","title":"\u70e7\u70e4"},{"boolValue":false,"object":{"action":"entity0","bind":["entity0.BBQ_FANS"],"perm":"W"},"type":"QBooleanElement","key":"entity0.BBQ_FANS","title":"\u70ed\u98ce\u70e7\u70e4"},{"boolValue":false,"object":{"action":"entity0","bind":["entity0.H_STEAMS"],"perm":"W"},"type":"QBooleanElement","key":"entity0.H_STEAMS","title":"\u9ad8\u6e29\u84b8\u6c7d"},{"boolValue":false,"object":{"action":"entity0","bind":["entity0.SOUPS"],"perm":"W"},"type":"QBooleanElement","key":"entity0.SOUPS","title":"\u7096\u6c64"},{"boolValue":false,"object":{"action":"entity0","bind":["entity0.DEFROSTS"],"perm":"W"},"type":"QBooleanElement","key":"entity0.DEFROSTS","title":"\u89e3\u51bb"},{"boolValue":false,"object":{"action":"entity0","bind":["entity0.WORMS"],"perm":"W"},"type":"QBooleanElement","key":"entity0.WORMS","title":"\u4fdd\u6e29"},{"boolValue":false,"object":{"action":"entity0","bind":["entity0.STERS"],"perm":"W"},"type":"QBooleanElement","key":"entity0.STERS","title":"\u6740\u83cc"},{"boolValue":false,"object":{"action":"entity0","bind":["entity0.LAMPS"],"perm":"W"},"type":"QBooleanElement","key":"entity0.LAMPS","title":"\u7167\u660e"},{"boolValue":false,"object":{"action":"entity0","bind":["entity0.ON_OFF"],"perm":"W"},"type":"QBooleanElement","key":"entity0.ON_OFF","title":"ON_OFF"},{"boolValue":false,"object":{"action":"entity0","bind":["entity0.play_push"],"perm":"W"},"type":"QBooleanElement","key":"entity0.play_push","title":"play_push"},{"boolValue":false,"object":{"action":"entity0","bind":["entity0.LOCK"],"perm":"W"},"type":"QBooleanElement","key":"entity0.LOCK","title":"\u7ae5\u9501"},{"boolValue":false,"object":{"action":"entity0","bind":["entity0.appointment"],"perm":"W"},"type":"QBooleanElement","key":"entity0.appointment","title":"\u9884\u7ea6"},{"boolValue":false,"object":{"action":"entity0","bind":["entity0.long_lamp"],"perm":"W"},"type":"QBooleanElement","key":"entity0.long_lamp","title":"long_lamp"},{"title":"\u8bbe\u5b9a\u65f6\u95f4","bind":"floatValue:float","object":{"action":"entity0","bind":["entity0.timer_set"],"uint_spec":{"max":240.0,"step":1,"min":0.0},"perm":"W"},"value":0,"key":"entity0.timer_set","maximumValue":240.0,"minimumValue":0.0,"type":"QFloatElement"},{"title":"\u8bbe\u5b9a\u6e29\u5ea6","bind":"floatValue:float","object":{"action":"entity0","bind":["entity0.tempset"],"uint_spec":{"max":250.0,"step":1,"min":0.0},"perm":"W"},"value":0,"key":"entity0.tempset","maximumValue":250.0,"minimumValue":0.0,"type":"QFloatElement"},{"title":"\u9884\u7ea6\u65f6\u95f4","bind":"floatValue:float","object":{"action":"entity0","bind":["entity0.sub_time"],"uint_spec":{"max":12.0,"step":1,"min":1.0},"perm":"W"},"value":0,"key":"entity0.sub_time","maximumValue":12.0,"minimumValue":1.0,"type":"QFloatElement"},{"keyboardType":"NumbersAndPunctuation","title":"\u81ea\u52a8\u6b65\u9aa4","object":{"action":"entity0","bind":["entity0.STEP"],"perm":"W"},"value":0,"key":"entity0.STEP","maxLength":36,"type":"QMultilineElement"},{"object":{"action":"entity0","bind":["entity0.WORK_STEP"],"uint_spec":{"max":6.0,"step":1,"min":1.0},"perm":"N"},"type":"QLabelElement","key":"entity0.WORK_STEP","title":"WORK_STEP"}]}]}}