{"name":"\u82ac\u5c3c\u65b0\u98ce\u51c0\u5316\u5668","packetVersion":"0x00000004","protocolType":"standard","product_key":"d846523c44134eef89e78ef17b4fdd56","entities":[{"display_name":"\u673a\u667a\u4e91\u5f00\u53d1\u5957\u4ef6","attrs":[{"display_name":"var","name":"var","data_type":"binary","position":{"byte_offset":0,"unit":"byte","len":200,"bit_offset":0},"type":"status_writable","id":0,"desc":"....."}],"name":"entity0","id":0}],"ui":{"object":{"version":4,"showEditButton":false},"sections":[{"elements":[{"keyboardType":"NumbersAndPunctuation","title":"var","object":{"action":"entity0","bind":["entity0.var"],"perm":"W"},"value":0,"key":"entity0.var","maxLength":400,"type":"QMultilineElement"}]}]}}