{"name":"Nufront_SmartLed","entities":[{"attrs":[{"display_name":"开关","name":"Switch","data_type":"bool","position":{"bit_offset":0,"len":1,"unit":"bit","byte_offset":0},"type":"status_writable","id":0,"desc":"....."},{"display_name":"恢复出厂设置","name":"Factory_Reset","data_type":"bool","position":{"bit_offset":1,"len":1,"unit":"bit","byte_offset":0},"type":"status_writable","id":1,"desc":"....."},{"display_name":"选择色温","name":"C_Temperature","data_type":"enum","enum":["暖白","中性白","冷白"],"position":{"bit_offset":2,"len":2,"unit":"bit","byte_offset":0},"type":"status_writable","id":2,"desc":"....."},{"display_name":"选择调节模式","name":"mode","data_type":"enum","enum":["色彩","色温"],"position":{"bit_offset":4,"len":1,"unit":"bit","byte_offset":0},"type":"status_writable","id":3,"desc":"....."},{"display_name":"亮度调节","name":"Brightness","data_type":"uint8","position":{"bit_offset":0,"len":1,"unit":"byte","byte_offset":1},"uint_spec":{"addition":0,"max":100,"ratio":1,"min":0},"type":"status_writable","id":4,"desc":"....."},{"display_name":"颜色调节_红色","name":"Color_R","data_type":"uint8","position":{"bit_offset":0,"len":1,"unit":"byte","byte_offset":2},"uint_spec":{"addition":0,"max":255,"ratio":1,"min":0},"type":"status_writable","id":5,"desc":"....."},{"display_name":"颜色调节_绿色","name":"Color_G","data_type":"uint8","position":{"bit_offset":0,"len":1,"unit":"byte","byte_offset":3},"uint_spec":{"addition":0,"max":255,"ratio":1,"min":0},"type":"status_writable","id":6,"desc":"....."},{"display_name":"颜色调节_蓝色","name":"Color_B","data_type":"uint8","position":{"bit_offset":0,"len":1,"unit":"byte","byte_offset":4},"uint_spec":{"addition":0,"max":255,"ratio":1,"min":0},"type":"status_writable","id":7,"desc":"....."}],"display_name":"机智云开发套件","id":0,"name":"entity0"}],"protocolType":"standard","product_key":"da9471bea92540da94b4e3fd14f63c68","packetVersion":"0x00000004","ui":{"object":{"version":4,"showEditButton":false},"sections":[{"elements":[{"boolValue":false,"object":{"action":"entity0","bind":["entity0.Switch"],"perm":"W"},"type":"QBooleanElement","key":"entity0.Switch","title":"开关"},{"boolValue":false,"object":{"action":"entity0","bind":["entity0.Factory_Reset"],"perm":"W"},"type":"QBooleanElement","key":"entity0.Factory_Reset","title":"恢复出厂设置"},{"items":["暖白","中性白","冷白"],"object":{"action":"entity0","bind":["entity0.C_Temperature"],"perm":"W"},"type":"QRadioElement","key":"entity0.C_Temperature","title":"选择色温"},{"items":["色彩","色温"],"object":{"action":"entity0","bind":["entity0.mode"],"perm":"W"},"type":"QRadioElement","key":"entity0.mode","title":"选择调节模式"},{"title":"亮度调节","bind":"floatValue:float","object":{"action":"entity0","bind":["entity0.Brightness"],"uint_spec":{"max":100.0,"step":1,"min":0.0},"perm":"W"},"value":0,"key":"entity0.Brightness","maximumValue":100.0,"minimumValue":0.0,"type":"QFloatElement"},{"title":"颜色调节_红色","bind":"floatValue:float","object":{"action":"entity0","bind":["entity0.Color_R"],"uint_spec":{"max":255.0,"step":1,"min":0.0},"perm":"W"},"value":0,"key":"entity0.Color_R","maximumValue":255.0,"minimumValue":0.0,"type":"QFloatElement"},{"title":"颜色调节_绿色","bind":"floatValue:float","object":{"action":"entity0","bind":["entity0.Color_G"],"uint_spec":{"max":255.0,"step":1,"min":0.0},"perm":"W"},"value":0,"key":"entity0.Color_G","maximumValue":255.0,"minimumValue":0.0,"type":"QFloatElement"},{"title":"颜色调节_蓝色","bind":"floatValue:float","object":{"action":"entity0","bind":["entity0.Color_B"],"uint_spec":{"max":255.0,"step":1,"min":0.0},"perm":"W"},"value":0,"key":"entity0.Color_B","maximumValue":255.0,"minimumValue":0.0,"type":"QFloatElement"}]}]}}