{"name":"test","packetVersion":"0x00000004","protocolType":"standard","product_key":"dd71c955b733494b9c0b46dd6f063b43","entities":[{"display_name":"\u673a\u667a\u4e91\u5f00\u53d1\u5957\u4ef6","attrs":[{"display_name":"t2","name":"t2","data_type":"bool","position":{"byte_offset":0,"unit":"bit","len":1,"bit_offset":0},"type":"status_writable","id":0,"desc":"....."}],"name":"entity0","id":0}],"ui":{"object":{"version":4,"showEditButton":false},"sections":[{"elements":[{"boolValue":false,"object":{"action":"entity0","bind":["entity0.t2"],"perm":"W"},"type":"QBooleanElement","key":"entity0.t2","title":"t2"}]}]}}