{"name":"\u667a\u80fd\u4e91\u7a7a\u8c03","entities":[{"id":0,"display_name":"\u673a\u667a\u4e91\u5f00\u53d1\u5957\u4ef6","attrs":[{"display_name":"\u5f00\u5173","name":"switch","data_type":"bool","position":{"bit_offset":0,"len":1,"unit":"bit","byte_offset":0},"type":"status_writable","id":0,"desc":"....."},{"display_name":"\u6446\u98ce","name":"fan_swing","data_type":"bool","position":{"bit_offset":1,"len":1,"unit":"bit","byte_offset":0},"type":"status_writable","id":1,"desc":"....."},{"display_name":"\u6a21\u5f0f","name":"mode","data_type":"enum","enum":["\u5236\u51b7","\u9001\u98ce","\u9664\u6e7f","\u81ea\u52a8","\u5236\u70ed"],"position":{"bit_offset":2,"len":3,"unit":"bit","byte_offset":0},"type":"status_writable","id":2,"desc":"....."},{"display_name":"\u98ce\u901f","name":"fan_speed","data_type":"enum","enum":["\u4f4e\u98ce","\u4e2d\u98ce","\u9ad8\u98ce"],"position":{"bit_offset":5,"len":2,"unit":"bit","byte_offset":0},"type":"status_writable","id":3,"desc":"....."},{"display_name":"\u5012\u8ba1\u65f6\u5f00\u673a","name":"on_timing","data_type":"uint8","position":{"bit_offset":0,"len":1,"unit":"byte","byte_offset":1},"uint_spec":{"addition":0,"max":24,"ratio":1,"min":0},"type":"status_writable","id":4,"desc":"....."},{"display_name":"\u5012\u8ba1\u65f6\u5173\u673a","name":"off_timing","data_type":"uint8","position":{"bit_offset":0,"len":1,"unit":"byte","byte_offset":2},"uint_spec":{"addition":0,"max":24,"ratio":1,"min":0},"type":"status_writable","id":5,"desc":"....."},{"display_name":"\u6e29\u5ea6\u8bbe\u7f6e","name":"set_temp","data_type":"uint8","position":{"bit_offset":0,"len":1,"unit":"byte","byte_offset":3},"uint_spec":{"addition":0,"max":30,"ratio":1,"min":16},"type":"status_writable","id":6,"desc":"....."},{"display_name":"\u5ba4\u5185\u6e29\u5ea6","name":"room_temp","data_type":"uint8","position":{"bit_offset":0,"len":1,"unit":"byte","byte_offset":4},"uint_spec":{"addition":-10,"max":45,"ratio":1,"min":0},"type":"status_readonly","id":7,"desc":"....."},{"display_name":"\u505c\u673a\u62a5\u8b66","name":"alert_shutdown","data_type":"bool","position":{"bit_offset":0,"len":1,"unit":"bit","byte_offset":5},"type":"alert","id":8,"desc":"....."},{"display_name":"\u6c34\u6ee1\u62a5\u8b66","name":"alert_full","data_type":"bool","position":{"bit_offset":1,"len":1,"unit":"bit","byte_offset":5},"type":"alert","id":9,"desc":"....."},{"display_name":"\u5ba4\u6e29\u6545\u969c","name":"fault_roomtemp","data_type":"bool","position":{"bit_offset":0,"len":1,"unit":"bit","byte_offset":6},"type":"fault","id":10,"desc":"....."}],"name":"entity0"}],"protocolType":"standard","product_key":"e3cf7332b7834a03a92d9e14a3f6d352","packetVersion":"0x00000004","ui":{"object":{"version":4,"showEditButton":false},"sections":[{"elements":[{"boolValue":false,"object":{"action":"entity0","bind":["entity0.switch"],"perm":"W"},"type":"QBooleanElement","key":"entity0.switch","title":"\u5f00\u5173"},{"boolValue":false,"object":{"action":"entity0","bind":["entity0.fan_swing"],"perm":"W"},"type":"QBooleanElement","key":"entity0.fan_swing","title":"\u6446\u98ce"},{"items":["\u5236\u51b7","\u9001\u98ce","\u9664\u6e7f","\u81ea\u52a8","\u5236\u70ed"],"object":{"action":"entity0","bind":["entity0.mode"],"perm":"W"},"type":"QRadioElement","key":"entity0.mode","title":"\u6a21\u5f0f"},{"items":["\u4f4e\u98ce","\u4e2d\u98ce","\u9ad8\u98ce"],"object":{"action":"entity0","bind":["entity0.fan_speed"],"perm":"W"},"type":"QRadioElement","key":"entity0.fan_speed","title":"\u98ce\u901f"},{"title":"\u5012\u8ba1\u65f6\u5f00\u673a","bind":"floatValue:float","object":{"action":"entity0","bind":["entity0.on_timing"],"uint_spec":{"max":24,"step":1,"min":0},"perm":"W"},"value":0,"key":"entity0.on_timing","maximumValue":24,"minimumValue":0,"type":"QFloatElement"},{"title":"\u5012\u8ba1\u65f6\u5173\u673a","bind":"floatValue:float","object":{"action":"entity0","bind":["entity0.off_timing"],"uint_spec":{"max":24,"step":1,"min":0},"perm":"W"},"value":0,"key":"entity0.off_timing","maximumValue":24,"minimumValue":0,"type":"QFloatElement"},{"title":"\u6e29\u5ea6\u8bbe\u7f6e","bind":"floatValue:float","object":{"action":"entity0","bind":["entity0.set_temp"],"uint_spec":{"max":30,"step":1,"min":16},"perm":"W"},"value":0,"key":"entity0.set_temp","maximumValue":30,"minimumValue":16,"type":"QFloatElement"},{"object":{"action":"entity0","bind":["entity0.room_temp"],"uint_spec":{"max":35,"step":1,"min":-10},"perm":"N"},"type":"QLabelElement","key":"entity0.room_temp","title":"\u5ba4\u5185\u6e29\u5ea6"}]}]}}